Species_Individual_Panicle_Flower,date,size,stage,days
grandiflorum_1_1_1,April_9,26.5,P,
grandiflorum_1_1_1,April_10,26.6,P,
grandiflorum_1_1_1,April_11,26.4,D,
grandiflorum_1_1_1,April_12,26.7,D,
grandiflorum_1_1_1,April_13,26.8,D,
grandiflorum_1_1_1,April_14,24.8,D,
grandiflorum_1_1_1,April_15,22.5,A,
grandiflorum_1_1_1,April_16,NA,,
grandiflorum_1_1_1,April_17,NA,,
grandiflorum_1_1_1,April_18,NA,,
grandiflorum_1_1_1,April_19,NA,,
grandiflorum_1_1_1,April_20,NA,,
grandiflorum_1_1_1,April_21,NA,,
grandiflorum_1_1_1,April_22,NA,,
grandiflorum_1_1_1,April_23,NA,,
grandiflorum_1_1_1,April_24,NA,,
grandiflorum_1_1_1,April_25,NA,,
grandiflorum_1_1_1,April_26,NA,,
grandiflorum_1_1_1,April_27,NA,,
grandiflorum_1_1_1,April_28,NA,,
grandiflorum_1_1_1,April_29,NA,,
grandiflorum_1_1_1,April_30,NA,,
grandiflorum_1_1_1,May_1,NA,,
grandiflorum_1_1_1,May_2,NA,,
grandiflorum_1_1_2,April_9,4.9,O,
grandiflorum_1_1_2,April_10,6.2,O,
grandiflorum_1_1_2,April_11,10.5,O,
grandiflorum_1_1_2,April_12,22.2,O,
grandiflorum_1_1_2,April_13,26,O,
grandiflorum_1_1_2,April_14,25,P,
grandiflorum_1_1_2,April_15,25.3,D,
grandiflorum_1_1_2,April_16,25.3,D,
grandiflorum_1_1_2,April_17,25.5,A,
grandiflorum_1_1_2,April_18,NA,,
grandiflorum_1_1_2,April_19,NA,,
grandiflorum_1_1_2,April_20,NA,,
grandiflorum_1_1_2,April_21,NA,,
grandiflorum_1_1_2,April_22,NA,,
grandiflorum_1_1_2,April_23,NA,,
grandiflorum_1_1_2,April_24,NA,,
grandiflorum_1_1_2,April_25,NA,,
grandiflorum_1_1_2,April_26,NA,,
grandiflorum_1_1_2,April_27,NA,,
grandiflorum_1_1_2,April_28,NA,,
grandiflorum_1_1_2,April_29,NA,,
grandiflorum_1_1_2,April_30,NA,,
grandiflorum_1_1_2,May_1,NA,,
grandiflorum_1_1_2,May_2,NA,,
grandiflorum_1_1_3,April_9,3,E,1
grandiflorum_1_1_3,April_10,4.1,G,2
grandiflorum_1_1_3,April_11,5.2,O,3
grandiflorum_1_1_3,April_12,7.6,O,4
grandiflorum_1_1_3,April_13,20.8,O,5
grandiflorum_1_1_3,April_14,24.8,O,6
grandiflorum_1_1_3,April_15,24.5,P,7
grandiflorum_1_1_3,April_16,23.9,D,8
grandiflorum_1_1_3,April_17,24.3,D,9
grandiflorum_1_1_3,April_18,27,A,10
grandiflorum_1_1_3,April_19,NA,,
grandiflorum_1_1_3,April_20,NA,,
grandiflorum_1_1_3,April_21,NA,,
grandiflorum_1_1_3,April_22,NA,,
grandiflorum_1_1_3,April_23,NA,,
grandiflorum_1_1_3,April_24,NA,,
grandiflorum_1_1_3,April_25,NA,,
grandiflorum_1_1_3,April_26,NA,,
grandiflorum_1_1_3,April_27,NA,,
grandiflorum_1_1_3,April_28,NA,,
grandiflorum_1_1_3,April_29,NA,,
grandiflorum_1_1_3,April_30,NA,,
grandiflorum_1_1_3,May_1,NA,,
grandiflorum_1_1_3,May_2,NA,,
grandiflorum_1_1_4,April_9,7.3,O,
grandiflorum_1_1_4,April_10,10.9,O,
grandiflorum_1_1_4,April_11,23.1,O,
grandiflorum_1_1_4,April_12,25.9,P,
grandiflorum_1_1_4,April_13,25.7,D,
grandiflorum_1_1_4,April_14,24.9,D,
grandiflorum_1_1_4,April_15,25,D,
grandiflorum_1_1_4,April_16,24.6,D,
grandiflorum_1_1_4,April_17,24.9,A,
grandiflorum_1_1_4,April_18,NA,,
grandiflorum_1_1_4,April_19,NA,,
grandiflorum_1_1_4,April_20,NA,,
grandiflorum_1_1_4,April_21,NA,,
grandiflorum_1_1_4,April_22,NA,,
grandiflorum_1_1_4,April_23,NA,,
grandiflorum_1_1_4,April_24,NA,,
grandiflorum_1_1_4,April_25,NA,,
grandiflorum_1_1_4,April_26,NA,,
grandiflorum_1_1_4,April_27,NA,,
grandiflorum_1_1_4,April_28,NA,,
grandiflorum_1_1_4,April_29,NA,,
grandiflorum_1_1_4,April_30,NA,,
grandiflorum_1_1_4,May_1,NA,,
grandiflorum_1_1_4,May_2,NA,,
grandiflorum_1_1_5,April_9,11.9,O,
grandiflorum_1_1_5,April_10,14.2,O,
grandiflorum_1_1_5,April_11,25,O,
grandiflorum_1_1_5,April_12,26.5,O,
grandiflorum_1_1_5,April_13,27.2,D,
grandiflorum_1_1_5,April_14,27,D,
grandiflorum_1_1_5,April_15,26.5,D,
grandiflorum_1_1_5,April_16,25.9,D,
grandiflorum_1_1_5,April_17,25.5,A,
grandiflorum_1_1_5,April_18,NA,,
grandiflorum_1_1_5,April_19,NA,,
grandiflorum_1_1_5,April_20,NA,,
grandiflorum_1_1_5,April_21,NA,,
grandiflorum_1_1_5,April_22,NA,,
grandiflorum_1_1_5,April_23,NA,,
grandiflorum_1_1_5,April_24,NA,,
grandiflorum_1_1_5,April_25,NA,,
grandiflorum_1_1_5,April_26,NA,,
grandiflorum_1_1_5,April_27,NA,,
grandiflorum_1_1_5,April_28,NA,,
grandiflorum_1_1_5,April_29,NA,,
grandiflorum_1_1_5,April_30,NA,,
grandiflorum_1_1_5,May_1,NA,,
grandiflorum_1_1_5,May_2,NA,,
grandiflorum_1_1_6,April_9,2.9,E,
grandiflorum_1_1_6,April_10,3.9,G,
grandiflorum_1_1_6,April_11,3.7,G,
grandiflorum_1_1_6,April_12,4.6,G,
grandiflorum_1_1_6,April_13,7.7,G,
grandiflorum_1_1_6,April_14,11.6,O,
grandiflorum_1_1_6,April_15,21.5,O,
grandiflorum_1_1_6,April_16,25.1,P,
grandiflorum_1_1_6,April_17,25.6,P,
grandiflorum_1_1_6,April_18,26.6,D,
grandiflorum_1_1_6,April_19,26.6,A,
grandiflorum_1_1_6,April_19,NA,,
grandiflorum_1_1_6,April_20,NA,,
grandiflorum_1_1_6,April_21,NA,,
grandiflorum_1_1_6,April_22,NA,,
grandiflorum_1_1_6,April_23,NA,,
grandiflorum_1_1_6,April_24,NA,,
grandiflorum_1_1_6,April_25,NA,,
grandiflorum_1_1_6,April_26,NA,,
grandiflorum_1_1_6,April_27,NA,,
grandiflorum_1_1_6,April_28,NA,,
grandiflorum_1_1_6,April_29,NA,,
grandiflorum_1_1_6,April_30,NA,,
grandiflorum_1_1_6,May_1,NA,,
grandiflorum_1_1_6,May_2,NA,,
grandiflorum_1_1_7,April_9,11,G,
grandiflorum_1_1_7,April_10,19.2,O,
grandiflorum_1_1_7,April_11,24,O,
grandiflorum_1_1_7,April_12,26.2,O,
grandiflorum_1_1_7,April_13,26.5,D,
grandiflorum_1_1_7,April_14,25,D,
grandiflorum_1_1_7,April_15,25.5,A,
grandiflorum_1_1_7,April_16,NA,,
grandiflorum_1_1_7,April_17,NA,,
grandiflorum_1_1_7,April_18,NA,,
grandiflorum_1_1_7,April_19,NA,,
grandiflorum_1_1_7,April_20,NA,,
grandiflorum_1_1_7,April_21,NA,,
grandiflorum_1_1_7,April_22,NA,,
grandiflorum_1_1_7,April_23,NA,,
grandiflorum_1_1_7,April_24,NA,,
grandiflorum_1_1_7,April_25,NA,,
grandiflorum_1_1_7,April_26,NA,,
grandiflorum_1_1_7,April_27,NA,,
grandiflorum_1_1_7,April_28,NA,,
grandiflorum_1_1_7,April_29,NA,,
grandiflorum_1_1_7,April_30,NA,,
grandiflorum_1_1_7,May_1,NA,,
grandiflorum_1_1_7,May_2,NA,,
grandiflorum_1_1_8,April_9,3.2,E,
grandiflorum_1_1_8,April_10,4.3,G,
grandiflorum_1_1_8,April_11,5.1,O,
grandiflorum_1_1_8,April_12,7,O,
grandiflorum_1_1_8,April_13,10,O,
grandiflorum_1_1_8,April_14,24.9,O,
grandiflorum_1_1_8,April_15,24.6,O,
grandiflorum_1_1_8,April_16,23.2,O,
grandiflorum_1_1_8,April_17,22.8,D,
grandiflorum_1_1_8,April_18,25.8,D,
grandiflorum_1_1_8,April_19,28,A,
grandiflorum_1_1_8,April_20,NA,,
grandiflorum_1_1_8,April_21,NA,,
grandiflorum_1_1_8,April_22,NA,,
grandiflorum_1_1_8,April_23,NA,,
grandiflorum_1_1_8,April_24,NA,,
grandiflorum_1_1_8,April_25,NA,,
grandiflorum_1_1_8,April_26,NA,,
grandiflorum_1_1_8,April_27,NA,,
grandiflorum_1_1_8,April_28,NA,,
grandiflorum_1_1_8,April_29,NA,,
grandiflorum_1_1_8,April_30,NA,,
grandiflorum_1_1_8,May_1,NA,,
grandiflorum_1_1_8,May_2,NA,,
grandiflorum_1_1_9,April_9,26.5,O,
grandiflorum_1_1_9,April_10,26.3,O,
grandiflorum_1_1_9,April_11,25.6,O,
grandiflorum_1_1_9,April_12,25.4,O,
grandiflorum_1_1_9,April_13,25.5,P,
grandiflorum_1_1_9,April_14,24.9,D,
grandiflorum_1_1_9,April_15,24.6,A,
grandiflorum_1_1_9,April_16,NA,,
grandiflorum_1_1_9,April_17,NA,,
grandiflorum_1_1_9,April_18,NA,,
grandiflorum_1_1_9,April_19,NA,,
grandiflorum_1_1_9,April_20,NA,,
grandiflorum_1_1_9,April_21,NA,,
grandiflorum_1_1_9,April_22,NA,,
grandiflorum_1_1_9,April_23,NA,,
grandiflorum_1_1_9,April_24,NA,,
grandiflorum_1_1_9,April_25,NA,,
grandiflorum_1_1_9,April_26,NA,,
grandiflorum_1_1_9,April_27,NA,,
grandiflorum_1_1_9,April_28,NA,,
grandiflorum_1_1_9,April_29,NA,,
grandiflorum_1_1_9,April_30,NA,,
grandiflorum_1_1_9,May_1,NA,,
grandiflorum_1_1_9,May_2,NA,,
grandiflorum_1_1_10,April_9,5.2,G,
grandiflorum_1_1_10,April_10,6.5,O,
grandiflorum_1_1_10,April_11,18,O,
grandiflorum_1_1_10,April_12,26.5,P,
grandiflorum_1_1_10,April_13,26.9,D,
grandiflorum_1_1_10,April_14,27,D,
grandiflorum_1_1_10,April_15,26,D,
grandiflorum_1_1_10,April_16,24.7,D,
grandiflorum_1_1_10,April_17,25.1,D,
grandiflorum_1_1_10,April_18,28.2,A,
grandiflorum_1_1_10,April_19,NA,,
grandiflorum_1_1_10,April_20,NA,,
grandiflorum_1_1_10,April_21,NA,,
grandiflorum_1_1_10,April_22,NA,,
grandiflorum_1_1_10,April_23,NA,,
grandiflorum_1_1_10,April_24,NA,,
grandiflorum_1_1_10,April_25,NA,,
grandiflorum_1_1_10,April_26,NA,,
grandiflorum_1_1_10,April_27,NA,,
grandiflorum_1_1_10,April_28,NA,,
grandiflorum_1_1_10,April_29,NA,,
grandiflorum_1_1_10,April_30,NA,,
grandiflorum_1_1_10,May_1,NA,,
grandiflorum_1_1_10,May_2,NA,,
grandiflorum_1_1_11,April_9,26,P,
grandiflorum_1_1_11,April_10,25.5,D,
grandiflorum_1_1_11,April_11,25.3,D,
grandiflorum_1_1_11,April_12,26.7,D,
grandiflorum_1_1_11,April_13,26.9,D,
grandiflorum_1_1_11,April_14,25.2,D,
grandiflorum_1_1_11,April_15,26.6,A,
grandiflorum_1_1_11,April_16,NA,,
grandiflorum_1_1_11,April_17,NA,,
grandiflorum_1_1_11,April_18,NA,,
grandiflorum_1_1_11,April_19,NA,,
grandiflorum_1_1_11,April_20,NA,,
grandiflorum_1_1_11,April_21,NA,,
grandiflorum_1_1_11,April_22,NA,,
grandiflorum_1_1_11,April_23,NA,,
grandiflorum_1_1_11,April_24,NA,,
grandiflorum_1_1_11,April_25,NA,,
grandiflorum_1_1_11,April_26,NA,,
grandiflorum_1_1_11,April_27,NA,,
grandiflorum_1_1_11,April_28,NA,,
grandiflorum_1_1_11,April_29,NA,,
grandiflorum_1_1_11,April_30,NA,,
grandiflorum_1_1_11,May_1,NA,,
grandiflorum_1_1_11,May_2,NA,,
grandiflorum_1_1_12,April_9,8.8,G,
grandiflorum_1_1_12,April_10,18.3,G,
grandiflorum_1_1_12,April_11,25.6,O,
grandiflorum_1_1_12,April_12,26.4,D,
grandiflorum_1_1_12,April_13,25.7,D,
grandiflorum_1_1_12,April_14,26.7,D,
grandiflorum_1_1_12,April_15,26.4,D,
grandiflorum_1_1_12,April_16,26.2,D,
grandiflorum_1_1_12,April_17,20.9,A,
grandiflorum_1_1_12,April_18,NA,,
grandiflorum_1_1_12,April_19,NA,,
grandiflorum_1_1_12,April_20,NA,,
grandiflorum_1_1_12,April_21,NA,,
grandiflorum_1_1_12,April_22,NA,,
grandiflorum_1_1_12,April_23,NA,,
grandiflorum_1_1_12,April_24,NA,,
grandiflorum_1_1_12,April_25,NA,,
grandiflorum_1_1_12,April_26,NA,,
grandiflorum_1_1_12,April_27,NA,,
grandiflorum_1_1_12,April_28,NA,,
grandiflorum_1_1_12,April_29,NA,,
grandiflorum_1_1_12,April_30,NA,,
grandiflorum_1_1_12,May_1,NA,,
grandiflorum_1_1_12,May_2,NA,,
grandiflorum_1_1_13,April_9,5.8,G,
grandiflorum_1_1_13,April_10,9,O,
grandiflorum_1_1_13,April_11,8.5,O,
grandiflorum_1_1_13,April_12,10.9,O,
grandiflorum_1_1_13,April_13,24.1,O,
grandiflorum_1_1_13,April_14,23,P,
grandiflorum_1_1_13,April_15,21.9,D,
grandiflorum_1_1_13,April_16,16,D,
grandiflorum_1_1_13,April_17,24.8,A,
grandiflorum_1_1_13,April_18,NA,,
grandiflorum_1_1_13,April_19,NA,,
grandiflorum_1_1_13,April_20,NA,,
grandiflorum_1_1_13,April_21,NA,,
grandiflorum_1_1_13,April_22,NA,,
grandiflorum_1_1_13,April_23,NA,,
grandiflorum_1_1_13,April_24,NA,,
grandiflorum_1_1_13,April_25,NA,,
grandiflorum_1_1_13,April_26,NA,,
grandiflorum_1_1_13,April_27,NA,,
grandiflorum_1_1_13,April_28,NA,,
grandiflorum_1_1_13,April_29,NA,,
grandiflorum_1_1_13,April_30,NA,,
grandiflorum_1_1_13,May_1,NA,,
grandiflorum_1_1_13,May_2,NA,,
grandiflorum_1_1_14,April_9,26.6,P,
grandiflorum_1_1_14,April_10,27.5,D,
grandiflorum_1_1_14,April_11,28,D,
grandiflorum_1_1_14,April_12,28.2,D,
grandiflorum_1_1_14,April_13,29.5,A,
grandiflorum_1_1_14,April_14,NA,,
grandiflorum_1_1_14,April_15,NA,,
grandiflorum_1_1_14,April_16,NA,,
grandiflorum_1_1_14,April_17,NA,,
grandiflorum_1_1_14,April_18,NA,,
grandiflorum_1_1_14,April_19,NA,,
grandiflorum_1_1_14,April_20,NA,,
grandiflorum_1_1_14,April_21,NA,,
grandiflorum_1_1_14,April_22,NA,,
grandiflorum_1_1_14,April_23,NA,,
grandiflorum_1_1_14,April_24,NA,,
grandiflorum_1_1_14,April_25,NA,,
grandiflorum_1_1_14,April_26,NA,,
grandiflorum_1_1_14,April_27,NA,,
grandiflorum_1_1_14,April_28,NA,,
grandiflorum_1_1_14,April_29,NA,,
grandiflorum_1_1_14,April_30,NA,,
grandiflorum_1_1_14,May_1,NA,,
grandiflorum_1_1_14,May_2,NA,,
grandiflorum_1_1_15,April_9,24.3,O,
grandiflorum_1_1_15,April_10,23.5,O,
grandiflorum_1_1_15,April_11,24.9,P,
grandiflorum_1_1_15,April_12,24.5,P,
grandiflorum_1_1_15,April_13,25.7,D,
grandiflorum_1_1_15,April_14,25.5,D,
grandiflorum_1_1_15,April_15,24.9,D,
grandiflorum_1_1_15,April_16,23.9,A,
grandiflorum_1_1_15,April_17,NA,,
grandiflorum_1_1_15,April_18,NA,,
grandiflorum_1_1_15,April_19,NA,,
grandiflorum_1_1_15,April_20,NA,,
grandiflorum_1_1_15,April_21,NA,,
grandiflorum_1_1_15,April_22,NA,,
grandiflorum_1_1_15,April_23,NA,,
grandiflorum_1_1_15,April_24,NA,,
grandiflorum_1_1_15,April_25,NA,,
grandiflorum_1_1_15,April_26,NA,,
grandiflorum_1_1_15,April_27,NA,,
grandiflorum_1_1_15,April_28,NA,,
grandiflorum_1_1_15,April_29,NA,,
grandiflorum_1_1_15,April_30,NA,,
grandiflorum_1_1_15,May_1,NA,,
grandiflorum_1_1_15,May_2,NA,,
grandiflorum_1_1_16,April_9,10,G,
grandiflorum_1_1_16,April_10,22.2,O,
grandiflorum_1_1_16,April_11,23.3,O,
grandiflorum_1_1_16,April_12,24.5,O,
grandiflorum_1_1_16,April_13,25.7,D,
grandiflorum_1_1_16,April_14,26.4,D,
grandiflorum_1_1_16,April_15,26.4,D,
grandiflorum_1_1_16,April_16,26.5,D,
grandiflorum_1_1_16,April_17,26.5,A,
grandiflorum_1_1_16,April_18,NA,,
grandiflorum_1_1_16,April_19,NA,,
grandiflorum_1_1_16,April_20,NA,,
grandiflorum_1_1_16,April_21,NA,,
grandiflorum_1_1_16,April_22,NA,,
grandiflorum_1_1_16,April_23,NA,,
grandiflorum_1_1_16,April_24,NA,,
grandiflorum_1_1_16,April_25,NA,,
grandiflorum_1_1_16,April_26,NA,,
grandiflorum_1_1_16,April_27,NA,,
grandiflorum_1_1_16,April_28,NA,,
grandiflorum_1_1_16,April_29,NA,,
grandiflorum_1_1_16,April_30,NA,,
grandiflorum_1_1_16,May_1,NA,,
grandiflorum_1_1_16,May_2,NA,,
grandiflorum_1_1_17,April_9,2.5,E,
grandiflorum_1_1_17,April_10,2.3,E,
grandiflorum_1_1_17,April_11,3.2,G,
grandiflorum_1_1_17,April_12,4.3,G,
grandiflorum_1_1_17,April_13,4.6,G,
grandiflorum_1_1_17,April_14,8.3,O,
grandiflorum_1_1_17,April_15,13.5,O,
grandiflorum_1_1_17,April_16,23.3,O,
grandiflorum_1_1_17,April_17,23,D,
grandiflorum_1_1_17,April_18,24.5,A,
grandiflorum_1_1_17,April_19,NA,,
grandiflorum_1_1_17,April_20,NA,,
grandiflorum_1_1_17,April_21,NA,,
grandiflorum_1_1_17,April_22,NA,,
grandiflorum_1_1_17,April_23,NA,,
grandiflorum_1_1_17,April_24,NA,,
grandiflorum_1_1_17,April_25,NA,,
grandiflorum_1_1_17,April_26,NA,,
grandiflorum_1_1_17,April_27,NA,,
grandiflorum_1_1_17,April_28,NA,,
grandiflorum_1_1_17,April_29,NA,,
grandiflorum_1_1_17,April_30,NA,,
grandiflorum_1_1_17,May_1,NA,,
grandiflorum_1_1_17,May_2,NA,,
grandiflorum_1_2_1,April_9,24.9,O,
grandiflorum_1_2_1,April_10,26.5,D,
grandiflorum_1_2_1,April_11,25.2,D,
grandiflorum_1_2_1,April_12,26.1,D,
grandiflorum_1_2_1,April_13,26.5,A,
grandiflorum_1_2_1,April_14,NA,,
grandiflorum_1_2_1,April_15,NA,,
grandiflorum_1_2_1,April_16,NA,,
grandiflorum_1_2_1,April_17,NA,,
grandiflorum_1_2_1,April_18,NA,,
grandiflorum_1_2_1,April_19,NA,,
grandiflorum_1_2_1,April_20,NA,,
grandiflorum_1_2_1,April_21,NA,,
grandiflorum_1_2_1,April_22,NA,,
grandiflorum_1_2_1,April_23,NA,,
grandiflorum_1_2_1,April_24,NA,,
grandiflorum_1_2_1,April_25,NA,,
grandiflorum_1_2_1,April_26,NA,,
grandiflorum_1_2_1,April_27,NA,,
grandiflorum_1_2_1,April_28,NA,,
grandiflorum_1_2_1,April_29,NA,,
grandiflorum_1_2_1,April_30,NA,,
grandiflorum_1_2_1,May_1,NA,,
grandiflorum_1_2_1,May_2,NA,,
grandiflorum_1_2_2,April_9,4.6,E,
grandiflorum_1_2_2,April_10,5.5,G,
grandiflorum_1_2_2,April_11,10.3,O,
grandiflorum_1_2_2,April_12,14.2,O,
grandiflorum_1_2_2,April_13,24.9,O,
grandiflorum_1_2_2,April_14,24,P,
grandiflorum_1_2_2,April_15,21.8,D,
grandiflorum_1_2_2,April_16,21.6,D,
grandiflorum_1_2_2,April_17,22.5,D,
grandiflorum_1_2_2,April_18,25.7,D,
grandiflorum_1_2_2,April_19,27,A,
grandiflorum_1_2_2,April_20,NA,,
grandiflorum_1_2_2,April_21,NA,,
grandiflorum_1_2_2,April_22,NA,,
grandiflorum_1_2_2,April_23,NA,,
grandiflorum_1_2_2,April_24,NA,,
grandiflorum_1_2_2,April_25,NA,,
grandiflorum_1_2_2,April_26,NA,,
grandiflorum_1_2_2,April_27,NA,,
grandiflorum_1_2_2,April_28,NA,,
grandiflorum_1_2_2,April_29,NA,,
grandiflorum_1_2_2,April_30,NA,,
grandiflorum_1_2_2,May_1,NA,,
grandiflorum_1_2_2,May_2,NA,,
grandiflorum_1_2_3,April_9,23.3,O,
grandiflorum_1_2_3,April_10,24,P,
grandiflorum_1_2_3,April_11,24,P,
grandiflorum_1_2_3,April_12,24.2,D,
grandiflorum_1_2_3,April_13,24.4,D,
grandiflorum_1_2_3,April_14,23.6,A,
grandiflorum_1_2_3,April_15,NA,,
grandiflorum_1_2_3,April_16,NA,,
grandiflorum_1_2_3,April_17,NA,,
grandiflorum_1_2_3,April_18,NA,,
grandiflorum_1_2_3,April_19,NA,,
grandiflorum_1_2_3,April_20,NA,,
grandiflorum_1_2_3,April_21,NA,,
grandiflorum_1_2_3,April_22,NA,,
grandiflorum_1_2_3,April_23,NA,,
grandiflorum_1_2_3,April_24,NA,,
grandiflorum_1_2_3,April_25,NA,,
grandiflorum_1_2_3,April_26,NA,,
grandiflorum_1_2_3,April_27,NA,,
grandiflorum_1_2_3,April_28,NA,,
grandiflorum_1_2_3,April_29,NA,,
grandiflorum_1_2_3,April_30,NA,,
grandiflorum_1_2_3,May_1,NA,,
grandiflorum_1_2_3,May_2,NA,,
grandiflorum_1_2_4,April_9,2.5,E,
grandiflorum_1_2_4,April_10,2.5,E,
grandiflorum_1_2_4,April_11,3.1,G,
grandiflorum_1_2_4,April_12,2.9,G,
grandiflorum_1_2_4,April_13,3.9,G,
grandiflorum_1_2_4,April_14,5,G,
grandiflorum_1_2_4,April_15,8.4,G,
grandiflorum_1_2_4,April_16,14.7,O,
grandiflorum_1_2_4,April_17,23.6,O,
grandiflorum_1_2_4,April_18,24.6,P,
grandiflorum_1_2_4,April_19,25,P,
grandiflorum_1_2_4,April_20,21,A,
grandiflorum_1_2_4,April_21,NA,,
grandiflorum_1_2_4,April_22,NA,,
grandiflorum_1_2_4,April_23,NA,,
grandiflorum_1_2_4,April_24,NA,,
grandiflorum_1_2_4,April_25,NA,,
grandiflorum_1_2_4,April_26,NA,,
grandiflorum_1_2_4,April_27,NA,,
grandiflorum_1_2_4,April_28,NA,,
grandiflorum_1_2_4,April_29,NA,,
grandiflorum_1_2_4,April_30,NA,,
grandiflorum_1_2_4,May_1,NA,,
grandiflorum_1_2_4,May_2,NA,,
grandiflorum_1_2_5,April_9,7.5,G,
grandiflorum_1_2_5,April_10,8.9,O,
grandiflorum_1_2_5,April_11,22.6,O,
grandiflorum_1_2_5,April_12,24,O,
grandiflorum_1_2_5,April_13,24.5,D,
grandiflorum_1_2_5,April_14,24.6,D,
grandiflorum_1_2_5,April_15,23.7,D,
grandiflorum_1_2_5,April_16,23.7,D,
grandiflorum_1_2_5,April_17,23.7,A,
grandiflorum_1_2_5,April_18,NA,,
grandiflorum_1_2_5,April_19,NA,,
grandiflorum_1_2_5,April_20,NA,,
grandiflorum_1_2_5,April_21,NA,,
grandiflorum_1_2_5,April_22,NA,,
grandiflorum_1_2_5,April_23,NA,,
grandiflorum_1_2_5,April_24,NA,,
grandiflorum_1_2_5,April_25,NA,,
grandiflorum_1_2_5,April_26,NA,,
grandiflorum_1_2_5,April_27,NA,,
grandiflorum_1_2_5,April_28,NA,,
grandiflorum_1_2_5,April_29,NA,,
grandiflorum_1_2_5,April_30,NA,,
grandiflorum_1_2_5,May_1,NA,,
grandiflorum_1_2_5,May_2,NA,,
grandiflorum_1_2_6,April_9,19.5,O,
grandiflorum_1_2_6,April_10,24.1,O,
grandiflorum_1_2_6,April_11,24.6,P,
grandiflorum_1_2_6,April_12,24.9,D,
grandiflorum_1_2_6,April_13,24.6,A,
grandiflorum_1_2_6,April_14,NA,,
grandiflorum_1_2_6,April_15,NA,,
grandiflorum_1_2_6,April_16,NA,,
grandiflorum_1_2_6,April_17,NA,,
grandiflorum_1_2_6,April_18,NA,,
grandiflorum_1_2_6,April_19,NA,,
grandiflorum_1_2_6,April_20,NA,,
grandiflorum_1_2_6,April_21,NA,,
grandiflorum_1_2_6,April_22,NA,,
grandiflorum_1_2_6,April_23,NA,,
grandiflorum_1_2_6,April_24,NA,,
grandiflorum_1_2_6,April_25,NA,,
grandiflorum_1_2_6,April_26,NA,,
grandiflorum_1_2_6,April_27,NA,,
grandiflorum_1_2_6,April_28,NA,,
grandiflorum_1_2_6,April_29,NA,,
grandiflorum_1_2_6,April_30,NA,,
grandiflorum_1_2_6,May_1,NA,,
grandiflorum_1_2_6,May_2,NA,,
grandiflorum_1_2_7,April_9,2.9,E,
grandiflorum_1_2_7,April_10,3.1,G,
grandiflorum_1_2_7,April_11,2.6,G,
grandiflorum_1_2_7,April_12,2.4,G,
grandiflorum_1_2_7,April_13,4.9,O,
grandiflorum_1_2_7,April_14,11.2,O,
grandiflorum_1_2_7,April_15,20.2,O,
grandiflorum_1_2_7,April_16,24,P,
grandiflorum_1_2_7,April_17,23.6,D,
grandiflorum_1_2_7,April_18,25,D,
grandiflorum_1_2_7,April_19,25,A,
grandiflorum_1_2_7,April_20,NA,,
grandiflorum_1_2_7,April_21,NA,,
grandiflorum_1_2_7,April_22,NA,,
grandiflorum_1_2_7,April_23,NA,,
grandiflorum_1_2_7,April_24,NA,,
grandiflorum_1_2_7,April_25,NA,,
grandiflorum_1_2_7,April_26,NA,,
grandiflorum_1_2_7,April_27,NA,,
grandiflorum_1_2_7,April_28,NA,,
grandiflorum_1_2_7,April_29,NA,,
grandiflorum_1_2_7,April_30,NA,,
grandiflorum_1_2_7,May_1,NA,,
grandiflorum_1_2_7,May_2,NA,,
grandiflorum_1_2_8,April_9,24.6,P,
grandiflorum_1_2_8,April_10,25.3,D,
grandiflorum_1_2_8,April_11,24.6,D,
grandiflorum_1_2_8,April_12,25.5,D,
grandiflorum_1_2_8,April_13,24.8,A,
grandiflorum_1_2_8,April_14,NA,,
grandiflorum_1_2_8,April_15,NA,,
grandiflorum_1_2_8,April_16,NA,,
grandiflorum_1_2_8,April_17,NA,,
grandiflorum_1_2_8,April_18,NA,,
grandiflorum_1_2_8,April_19,NA,,
grandiflorum_1_2_8,April_20,NA,,
grandiflorum_1_2_8,April_21,NA,,
grandiflorum_1_2_8,April_22,NA,,
grandiflorum_1_2_8,April_23,NA,,
grandiflorum_1_2_8,April_24,NA,,
grandiflorum_1_2_8,April_25,NA,,
grandiflorum_1_2_8,April_26,NA,,
grandiflorum_1_2_8,April_27,NA,,
grandiflorum_1_2_8,April_28,NA,,
grandiflorum_1_2_8,April_29,NA,,
grandiflorum_1_2_8,April_30,NA,,
grandiflorum_1_2_8,May_1,NA,,
grandiflorum_1_2_8,May_2,NA,,
grandiflorum_1_2_9,April_9,4.7,G,
grandiflorum_1_2_9,April_10,7.3,O,
grandiflorum_1_2_9,April_11,13.1,O,
grandiflorum_1_2_9,April_12,19.6,O,
grandiflorum_1_2_9,April_13,24.6,P,
grandiflorum_1_2_9,April_14,24.1,P,
grandiflorum_1_2_9,April_15,22.1,D,
grandiflorum_1_2_9,April_16,24.6,D,
grandiflorum_1_2_9,April_17,24.1,A,
grandiflorum_1_2_9,April_18,NA,,
grandiflorum_1_2_9,April_19,NA,,
grandiflorum_1_2_9,April_20,NA,,
grandiflorum_1_2_9,April_21,NA,,
grandiflorum_1_2_9,April_22,NA,,
grandiflorum_1_2_9,April_23,NA,,
grandiflorum_1_2_9,April_24,NA,,
grandiflorum_1_2_9,April_25,NA,,
grandiflorum_1_2_9,April_26,NA,,
grandiflorum_1_2_9,April_27,NA,,
grandiflorum_1_2_9,April_28,NA,,
grandiflorum_1_2_9,April_29,NA,,
grandiflorum_1_2_9,April_30,NA,,
grandiflorum_1_2_9,May_1,NA,,
grandiflorum_1_2_9,May_2,NA,,
grandiflorum_1_2_10,April_9,25.6,P,
grandiflorum_1_2_10,April_10,25.6,D,
grandiflorum_1_2_10,April_11,26,D,
grandiflorum_1_2_10,April_12,25.5,D,
grandiflorum_1_2_10,April_13,24.7,A,
grandiflorum_1_2_10,April_14,NA,,
grandiflorum_1_2_10,April_15,NA,,
grandiflorum_1_2_10,April_16,NA,,
grandiflorum_1_2_10,April_17,NA,,
grandiflorum_1_2_10,April_18,NA,,
grandiflorum_1_2_10,April_19,NA,,
grandiflorum_1_2_10,April_20,NA,,
grandiflorum_1_2_10,April_21,NA,,
grandiflorum_1_2_10,April_22,NA,,
grandiflorum_1_2_10,April_23,NA,,
grandiflorum_1_2_10,April_24,NA,,
grandiflorum_1_2_10,April_25,NA,,
grandiflorum_1_2_10,April_26,NA,,
grandiflorum_1_2_10,April_27,NA,,
grandiflorum_1_2_10,April_28,NA,,
grandiflorum_1_2_10,April_29,NA,,
grandiflorum_1_2_10,April_30,NA,,
grandiflorum_1_2_10,May_1,NA,,
grandiflorum_1_2_10,May_2,NA,,
grandiflorum_1_2_11,April_9,2.9,E,
grandiflorum_1_2_11,April_10,2.8,G,
grandiflorum_1_2_11,April_11,2.9,G,
grandiflorum_1_2_11,April_12,3.5,G,
grandiflorum_1_2_11,April_13,5.5,O,
grandiflorum_1_2_11,April_14,9,O,
grandiflorum_1_2_11,April_15,16.2,O,
grandiflorum_1_2_11,April_16,24,O,
grandiflorum_1_2_11,April_17,23.7,P,
grandiflorum_1_2_11,April_18,25.1,P,
grandiflorum_1_2_11,April_19,25,A,
grandiflorum_1_2_11,April_20,NA,,
grandiflorum_1_2_11,April_21,NA,,
grandiflorum_1_2_11,April_22,NA,,
grandiflorum_1_2_11,April_23,NA,,
grandiflorum_1_2_11,April_24,NA,,
grandiflorum_1_2_11,April_25,NA,,
grandiflorum_1_2_11,April_26,NA,,
grandiflorum_1_2_11,April_27,NA,,
grandiflorum_1_2_11,April_28,NA,,
grandiflorum_1_2_11,April_29,NA,,
grandiflorum_1_2_11,April_30,NA,,
grandiflorum_1_2_11,May_1,NA,,
grandiflorum_1_2_11,May_2,NA,,
grandiflorum_1_2_12,April_9,7.1,G,
grandiflorum_1_2_12,April_10,11.5,O,
grandiflorum_1_2_12,April_11,22.1,O,
grandiflorum_1_2_12,April_12,23,O,
grandiflorum_1_2_12,April_13,23.3,P,
grandiflorum_1_2_12,April_14,24.5,P,
grandiflorum_1_2_12,April_15,22.9,P,
grandiflorum_1_2_12,April_16,23,A,
grandiflorum_1_2_12,April_17,NA,,
grandiflorum_1_2_12,April_18,NA,,
grandiflorum_1_2_12,April_19,NA,,
grandiflorum_1_2_12,April_20,NA,,
grandiflorum_1_2_12,April_21,NA,,
grandiflorum_1_2_12,April_22,NA,,
grandiflorum_1_2_12,April_23,NA,,
grandiflorum_1_2_12,April_24,NA,,
grandiflorum_1_2_12,April_25,NA,,
grandiflorum_1_2_12,April_26,NA,,
grandiflorum_1_2_12,April_27,NA,,
grandiflorum_1_2_12,April_28,NA,,
grandiflorum_1_2_12,April_29,NA,,
grandiflorum_1_2_12,April_30,NA,,
grandiflorum_1_2_12,May_1,NA,,
grandiflorum_1_2_12,May_2,NA,,
grandiflorum_1_2_13,April_9,23.2,P,
grandiflorum_1_2_13,April_10,24.7,D,
grandiflorum_1_2_13,April_11,25.9,D,
grandiflorum_1_2_13,April_12,25.3,D,
grandiflorum_1_2_13,April_13,25.2,A,
grandiflorum_1_2_13,April_14,NA,,
grandiflorum_1_2_13,April_15,NA,,
grandiflorum_1_2_13,April_16,NA,,
grandiflorum_1_2_13,April_17,NA,,
grandiflorum_1_2_13,April_18,NA,,
grandiflorum_1_2_13,April_19,NA,,
grandiflorum_1_2_13,April_20,NA,,
grandiflorum_1_2_13,April_21,NA,,
grandiflorum_1_2_13,April_22,NA,,
grandiflorum_1_2_13,April_23,NA,,
grandiflorum_1_2_13,April_24,NA,,
grandiflorum_1_2_13,April_25,NA,,
grandiflorum_1_2_13,April_26,NA,,
grandiflorum_1_2_13,April_27,NA,,
grandiflorum_1_2_13,April_28,NA,,
grandiflorum_1_2_13,April_29,NA,,
grandiflorum_1_2_13,April_30,NA,,
grandiflorum_1_2_13,May_1,NA,,
grandiflorum_1_2_13,May_2,NA,,
grandiflorum_1_2_14,April_9,2.8,E,
grandiflorum_1_2_14,April_10,2.3,G,
grandiflorum_1_2_14,April_11,2.3,G,
grandiflorum_1_2_14,April_12,3.5,G,
grandiflorum_1_2_14,April_13,3.4,G,
grandiflorum_1_2_14,April_14,4,G,
grandiflorum_1_2_14,April_15,6.5,G,
grandiflorum_1_2_14,April_16,13.4,O,
grandiflorum_1_2_14,April_17,23.7,O,
grandiflorum_1_2_14,April_18,26.1,P,
grandiflorum_1_2_14,April_19,26,P,
grandiflorum_1_2_14,April_20,NA,,
grandiflorum_1_2_14,April_21,NA,,
grandiflorum_1_2_14,April_22,NA,,
grandiflorum_1_2_14,April_23,NA,,
grandiflorum_1_2_14,April_24,NA,,
grandiflorum_1_2_14,April_25,NA,,
grandiflorum_1_2_14,April_26,NA,,
grandiflorum_1_2_14,April_27,NA,,
grandiflorum_1_2_14,April_28,NA,,
grandiflorum_1_2_14,April_29,NA,,
grandiflorum_1_2_14,April_30,NA,,
grandiflorum_1_2_14,May_1,NA,,
grandiflorum_1_2_14,May_2,NA,,
grandiflorum_1_2_15,April_9,6.3,G,
grandiflorum_1_2_15,April_10,12.1,O,
grandiflorum_1_2_15,April_11,23.6,O,
grandiflorum_1_2_15,April_12,24.1,D,
grandiflorum_1_2_15,April_13,23.5,D,
grandiflorum_1_2_15,April_14,23.2,D,
grandiflorum_1_2_15,April_15,23,D,
grandiflorum_1_2_15,April_16,23,D,
grandiflorum_1_2_15,April_17,23.5,A,
grandiflorum_1_2_15,April_18,NA,,
grandiflorum_1_2_15,April_19,NA,,
grandiflorum_1_2_15,April_20,NA,,
grandiflorum_1_2_15,April_21,NA,,
grandiflorum_1_2_15,April_22,NA,,
grandiflorum_1_2_15,April_23,NA,,
grandiflorum_1_2_15,April_24,NA,,
grandiflorum_1_2_15,April_25,NA,,
grandiflorum_1_2_15,April_26,NA,,
grandiflorum_1_2_15,April_27,NA,,
grandiflorum_1_2_15,April_28,NA,,
grandiflorum_1_2_15,April_29,NA,,
grandiflorum_1_2_15,April_30,NA,,
grandiflorum_1_2_15,May_1,NA,,
grandiflorum_1_2_15,May_2,NA,,
grandiflorum_1_3_1,April_9,24.7,D,
grandiflorum_1_3_1,April_10,25.5,A,
grandiflorum_1_3_1,April_11,NA,,
grandiflorum_1_3_1,April_12,NA,,
grandiflorum_1_3_1,April_13,NA,,
grandiflorum_1_3_1,April_14,NA,,
grandiflorum_1_3_1,April_15,NA,,
grandiflorum_1_3_1,April_16,NA,,
grandiflorum_1_3_1,April_17,NA,,
grandiflorum_1_3_1,April_18,NA,,
grandiflorum_1_3_1,April_19,NA,,
grandiflorum_1_3_1,April_20,NA,,
grandiflorum_1_3_1,April_21,NA,,
grandiflorum_1_3_1,April_22,NA,,
grandiflorum_1_3_1,April_23,NA,,
grandiflorum_1_3_1,April_24,NA,,
grandiflorum_1_3_1,April_25,NA,,
grandiflorum_1_3_1,April_26,NA,,
grandiflorum_1_3_1,April_27,NA,,
grandiflorum_1_3_1,April_28,NA,,
grandiflorum_1_3_1,April_29,NA,,
grandiflorum_1_3_1,April_30,NA,,
grandiflorum_1_3_1,May_1,NA,,
grandiflorum_1_3_1,May_2,NA,,
grandiflorum_1_3_2,April_9,13.2,G,
grandiflorum_1_3_2,April_10,22.2,O,
grandiflorum_1_3_2,April_11,23.2,O,
grandiflorum_1_3_2,April_12,23.7,P,
grandiflorum_1_3_2,April_13,23.6,D,
grandiflorum_1_3_2,April_14,23.7,D,
grandiflorum_1_3_2,April_15,23.2,D,
grandiflorum_1_3_2,April_16,23.8,D,
grandiflorum_1_3_2,April_17,23.7,A,
grandiflorum_1_3_2,April_18,NA,,
grandiflorum_1_3_2,April_19,NA,,
grandiflorum_1_3_2,April_20,NA,,
grandiflorum_1_3_2,April_21,NA,,
grandiflorum_1_3_2,April_22,NA,,
grandiflorum_1_3_2,April_23,NA,,
grandiflorum_1_3_2,April_24,NA,,
grandiflorum_1_3_2,April_25,NA,,
grandiflorum_1_3_2,April_26,NA,,
grandiflorum_1_3_2,April_27,NA,,
grandiflorum_1_3_2,April_28,NA,,
grandiflorum_1_3_2,April_29,NA,,
grandiflorum_1_3_2,April_30,NA,,
grandiflorum_1_3_2,May_1,NA,,
grandiflorum_1_3_2,May_2,NA,,
grandiflorum_1_3_3,April_9,22.6,O,
grandiflorum_1_3_3,April_10,23.3,P,
grandiflorum_1_3_3,April_11,23.2,P,
grandiflorum_1_3_3,April_12,22.9,D,
grandiflorum_1_3_3,April_13,23.5,D,
grandiflorum_1_3_3,April_14,23.1,D,
grandiflorum_1_3_3,April_15,22.8,D,
grandiflorum_1_3_3,April_16,21.1,D,
grandiflorum_1_3_3,April_17,23.2,A,
grandiflorum_1_3_3,April_18,NA,,
grandiflorum_1_3_3,April_19,NA,,
grandiflorum_1_3_3,April_20,NA,,
grandiflorum_1_3_3,April_21,NA,,
grandiflorum_1_3_3,April_22,NA,,
grandiflorum_1_3_3,April_23,NA,,
grandiflorum_1_3_3,April_24,NA,,
grandiflorum_1_3_3,April_25,NA,,
grandiflorum_1_3_3,April_26,NA,,
grandiflorum_1_3_3,April_27,NA,,
grandiflorum_1_3_3,April_28,NA,,
grandiflorum_1_3_3,April_29,NA,,
grandiflorum_1_3_3,April_30,NA,,
grandiflorum_1_3_3,May_1,NA,,
grandiflorum_1_3_3,May_2,NA,,
grandiflorum_1_3_4,April_9,22.7,O,
grandiflorum_1_3_4,April_10,23.2,P,
grandiflorum_1_3_4,April_11,22.5,P,
grandiflorum_1_3_4,April_12,23.7,D,
grandiflorum_1_3_4,April_13,24.8,A,
grandiflorum_1_3_4,April_14,NA,,
grandiflorum_1_3_4,April_15,NA,,
grandiflorum_1_3_4,April_16,NA,,
grandiflorum_1_3_4,April_17,NA,,
grandiflorum_1_3_4,April_18,NA,,
grandiflorum_1_3_4,April_19,NA,,
grandiflorum_1_3_4,April_20,NA,,
grandiflorum_1_3_4,April_21,NA,,
grandiflorum_1_3_4,April_22,NA,,
grandiflorum_1_3_4,April_23,NA,,
grandiflorum_1_3_4,April_24,NA,,
grandiflorum_1_3_4,April_25,NA,,
grandiflorum_1_3_4,April_26,NA,,
grandiflorum_1_3_4,April_27,NA,,
grandiflorum_1_3_4,April_28,NA,,
grandiflorum_1_3_4,April_29,NA,,
grandiflorum_1_3_4,April_30,NA,,
grandiflorum_1_3_4,May_1,NA,,
grandiflorum_1_3_4,May_2,NA,,
grandiflorum_1_3_5,April_9,7,G,
grandiflorum_1_3_5,April_10,9.8,O,
grandiflorum_1_3_5,April_11,12.5,O,
grandiflorum_1_3_5,April_12,14.9,O,
grandiflorum_1_3_5,April_13,18.7,O,
grandiflorum_1_3_5,April_14,22,P,
grandiflorum_1_3_5,April_15,20.3,D,
grandiflorum_1_3_5,April_16,23.2,D,
grandiflorum_1_3_5,April_17,19,D,
grandiflorum_1_3_5,April_18,20,D,
grandiflorum_1_3_5,April_19,23,A,
grandiflorum_1_3_5,April_20,NA,,
grandiflorum_1_3_5,April_21,NA,,
grandiflorum_1_3_5,April_22,NA,,
grandiflorum_1_3_5,April_23,NA,,
grandiflorum_1_3_5,April_24,NA,,
grandiflorum_1_3_5,April_25,NA,,
grandiflorum_1_3_5,April_26,NA,,
grandiflorum_1_3_5,April_27,NA,,
grandiflorum_1_3_5,April_28,NA,,
grandiflorum_1_3_5,April_29,NA,,
grandiflorum_1_3_5,April_30,NA,,
grandiflorum_1_3_5,May_1,NA,,
grandiflorum_1_3_5,May_2,NA,,
grandiflorum_1_3_6,April_9,24.7,P,
grandiflorum_1_3_6,April_10,24.4,D,
grandiflorum_1_3_6,April_11,24,D,
grandiflorum_1_3_6,April_12,25.9,D,
grandiflorum_1_3_6,April_13,24.8,A,
grandiflorum_1_3_6,April_14,NA,,
grandiflorum_1_3_6,April_15,NA,,
grandiflorum_1_3_6,April_16,NA,,
grandiflorum_1_3_6,April_17,NA,,
grandiflorum_1_3_6,April_18,NA,,
grandiflorum_1_3_6,April_19,NA,,
grandiflorum_1_3_6,April_20,NA,,
grandiflorum_1_3_6,April_21,NA,,
grandiflorum_1_3_6,April_22,NA,,
grandiflorum_1_3_6,April_23,NA,,
grandiflorum_1_3_6,April_24,NA,,
grandiflorum_1_3_6,April_25,NA,,
grandiflorum_1_3_6,April_26,NA,,
grandiflorum_1_3_6,April_27,NA,,
grandiflorum_1_3_6,April_28,NA,,
grandiflorum_1_3_6,April_29,NA,,
grandiflorum_1_3_6,April_30,NA,,
grandiflorum_1_3_6,May_1,NA,,
grandiflorum_1_3_6,May_2,NA,,
grandiflorum_1_3_7,April_9,6,G,
grandiflorum_1_3_7,April_10,7.4,O,
grandiflorum_1_3_7,April_11,14.6,O,
grandiflorum_1_3_7,April_12,21.6,O,
grandiflorum_1_3_7,April_13,24.1,O,
grandiflorum_1_3_7,April_14,23.5,O,
grandiflorum_1_3_7,April_15,23.2,D,
grandiflorum_1_3_7,April_16,22.7,D,
grandiflorum_1_3_7,April_17,23.3,D,
grandiflorum_1_3_7,April_18,24.5,A,
grandiflorum_1_3_7,April_19,NA,,
grandiflorum_1_3_7,April_20,NA,,
grandiflorum_1_3_7,April_21,NA,,
grandiflorum_1_3_7,April_22,NA,,
grandiflorum_1_3_7,April_23,NA,,
grandiflorum_1_3_7,April_24,NA,,
grandiflorum_1_3_7,April_25,NA,,
grandiflorum_1_3_7,April_26,NA,,
grandiflorum_1_3_7,April_27,NA,,
grandiflorum_1_3_7,April_28,NA,,
grandiflorum_1_3_7,April_29,NA,,
grandiflorum_1_3_7,April_30,NA,,
grandiflorum_1_3_7,May_1,NA,,
grandiflorum_1_3_7,May_2,NA,,
grandiflorum_1_3_8,April_9,22.6,O,
grandiflorum_1_3_8,April_10,24.2,D,
grandiflorum_1_3_8,April_11,25,D,
grandiflorum_1_3_8,April_12,24.1,A,
grandiflorum_1_3_8,April_13,NA,,
grandiflorum_1_3_8,April_14,NA,,
grandiflorum_1_3_8,April_15,NA,,
grandiflorum_1_3_8,April_16,NA,,
grandiflorum_1_3_8,April_17,NA,,
grandiflorum_1_3_8,April_18,NA,,
grandiflorum_1_3_8,April_19,NA,,
grandiflorum_1_3_8,April_20,NA,,
grandiflorum_1_3_8,April_21,NA,,
grandiflorum_1_3_8,April_22,NA,,
grandiflorum_1_3_8,April_23,NA,,
grandiflorum_1_3_8,April_24,NA,,
grandiflorum_1_3_8,April_25,NA,,
grandiflorum_1_3_8,April_26,NA,,
grandiflorum_1_3_8,April_27,NA,,
grandiflorum_1_3_8,April_28,NA,,
grandiflorum_1_3_8,April_29,NA,,
grandiflorum_1_3_8,April_30,NA,,
grandiflorum_1_3_8,May_1,NA,,
grandiflorum_1_3_8,May_2,NA,,
grandiflorum_1_4_1,April_9,NA,,
grandiflorum_1_4_1,April_10,3.3,G,
grandiflorum_1_4_1,April_11,4.6,G,
grandiflorum_1_4_1,April_12,7.3,O,
grandiflorum_1_4_1,April_13,16.5,O,
grandiflorum_1_4_1,April_14,23.2,O,
grandiflorum_1_4_1,April_15,22.7,P,
grandiflorum_1_4_1,April_16,22.7,D,
grandiflorum_1_4_1,April_17,22.2,D,
grandiflorum_1_4_1,April_18,24.4,D,
grandiflorum_1_4_1,April_19,25.4,A,
grandiflorum_1_4_1,April_20,NA,,
grandiflorum_1_4_1,April_21,NA,,
grandiflorum_1_4_1,April_22,NA,,
grandiflorum_1_4_1,April_23,NA,,
grandiflorum_1_4_1,April_24,NA,,
grandiflorum_1_4_1,April_25,NA,,
grandiflorum_1_4_1,April_26,NA,,
grandiflorum_1_4_1,April_27,NA,,
grandiflorum_1_4_1,April_28,NA,,
grandiflorum_1_4_1,April_29,NA,,
grandiflorum_1_4_1,April_30,NA,,
grandiflorum_1_4_1,May_1,NA,,
grandiflorum_1_4_1,May_2,NA,,
grandiflorum_1_4_2,April_9,NA,,
grandiflorum_1_4_2,April_10,2.6,E,
grandiflorum_1_4_2,April_11,3.7,E,
grandiflorum_1_4_2,April_12,3.3,E,
grandiflorum_1_4_2,April_13,3.3,E,
grandiflorum_1_4_2,April_14,3.4,E,
grandiflorum_1_4_2,April_15,3.2,G,
grandiflorum_1_4_2,April_16,3.4,G,
grandiflorum_1_4_2,April_17,8.6,O,
grandiflorum_1_4_2,April_18,20.9,O,
grandiflorum_1_4_2,April_19,23.8,O,
grandiflorum_1_4_2,April_20,NA,,
grandiflorum_1_4_2,April_21,NA,,
grandiflorum_1_4_2,April_22,NA,,
grandiflorum_1_4_2,April_23,NA,,
grandiflorum_1_4_2,April_24,NA,,
grandiflorum_1_4_2,April_25,NA,,
grandiflorum_1_4_2,April_26,NA,,
grandiflorum_1_4_2,April_27,NA,,
grandiflorum_1_4_2,April_28,NA,,
grandiflorum_1_4_2,April_29,NA,,
grandiflorum_1_4_2,April_30,NA,,
grandiflorum_1_4_2,May_1,NA,,
grandiflorum_1_4_2,May_2,NA,,
grandiflorum_1_4_3,April_9,NA,,
grandiflorum_1_4_3,April_10,2.4,E,
grandiflorum_1_4_3,April_11,5.5,E,
grandiflorum_1_4_3,April_12,3.1,G,
grandiflorum_1_4_3,April_13,4.1,G,
grandiflorum_1_4_3,April_14,3.1,G,
grandiflorum_1_4_3,April_15,3.6,G,
grandiflorum_1_4_3,April_16,4.8,O,
grandiflorum_1_4_3,April_17,14,O,
grandiflorum_1_4_3,April_18,23.1,O,
grandiflorum_1_4_3,April_19,23.5,P,
grandiflorum_1_4_3,April_20,NA,,
grandiflorum_1_4_3,April_21,NA,,
grandiflorum_1_4_3,April_22,NA,,
grandiflorum_1_4_3,April_23,NA,,
grandiflorum_1_4_3,April_24,NA,,
grandiflorum_1_4_3,April_25,NA,,
grandiflorum_1_4_3,April_26,NA,,
grandiflorum_1_4_3,April_27,NA,,
grandiflorum_1_4_3,April_28,NA,,
grandiflorum_1_4_3,April_29,NA,,
grandiflorum_1_4_3,April_30,NA,,
grandiflorum_1_4_3,May_1,NA,,
grandiflorum_1_4_3,May_2,NA,,
grandiflorum_1_4_4,April_9,NA,,
grandiflorum_1_4_4,April_10,3,G,
grandiflorum_1_4_4,April_11,3.1,G,
grandiflorum_1_4_4,April_12,3.2,G,
grandiflorum_1_4_4,April_13,3.4,G,
grandiflorum_1_4_4,April_14,6.2,O,
grandiflorum_1_4_4,April_15,11,O,
grandiflorum_1_4_4,April_16,22.3,O,
grandiflorum_1_4_4,April_17,23,O,
grandiflorum_1_4_4,April_18,25.6,P,
grandiflorum_1_4_4,April_19,25.5,P,
grandiflorum_1_4_4,April_20,22.4,P,
grandiflorum_1_4_4,April_21,21,A,
grandiflorum_1_4_4,April_22,NA,,
grandiflorum_1_4_4,April_23,NA,,
grandiflorum_1_4_4,April_24,NA,,
grandiflorum_1_4_4,April_25,NA,,
grandiflorum_1_4_4,April_26,NA,,
grandiflorum_1_4_4,April_27,NA,,
grandiflorum_1_4_4,April_28,NA,,
grandiflorum_1_4_4,April_29,NA,,
grandiflorum_1_4_4,April_30,NA,,
grandiflorum_1_4_4,May_1,NA,,
grandiflorum_1_4_4,May_2,NA,,
grandiflorum_1_4_5,April_9,NA,,
grandiflorum_1_4_5,April_10,3.1,G,
grandiflorum_1_4_5,April_11,3.1,G,
grandiflorum_1_4_5,April_12,3.6,O,
grandiflorum_1_4_5,April_13,6.3,O,
grandiflorum_1_4_5,April_14,10.2,O,
grandiflorum_1_4_5,April_15,18.6,O,
grandiflorum_1_4_5,April_16,22.7,O,
grandiflorum_1_4_5,April_17,23.8,P,
grandiflorum_1_4_5,April_18,25.6,P,
grandiflorum_1_4_5,April_19,25.4,D,
grandiflorum_1_4_5,April_20,23.6,A,
grandiflorum_1_4_5,April_21,NA,,
grandiflorum_1_4_5,April_22,NA,,
grandiflorum_1_4_5,April_23,NA,,
grandiflorum_1_4_5,April_24,NA,,
grandiflorum_1_4_5,April_25,NA,,
grandiflorum_1_4_5,April_26,NA,,
grandiflorum_1_4_5,April_27,NA,,
grandiflorum_1_4_5,April_28,NA,,
grandiflorum_1_4_5,April_29,NA,,
grandiflorum_1_4_5,April_30,NA,,
grandiflorum_1_4_5,May_1,NA,,
grandiflorum_1_4_5,May_2,NA,,
grandiflorum_1_4_6,April_9,NA,,
grandiflorum_1_4_6,April_10,0.9,E,
grandiflorum_1_4_6,April_11,1.1,E,
grandiflorum_1_4_6,April_12,2,E,
grandiflorum_1_4_6,April_13,3.3,E,
grandiflorum_1_4_6,April_14,3.6,E,
grandiflorum_1_4_6,April_15,4.5,E,
grandiflorum_1_4_6,April_16,4.2,E,
grandiflorum_1_4_6,April_17,4.8,E,
grandiflorum_1_4_6,April_18,5.8,G,
grandiflorum_1_4_6,April_19,5.6,O,
grandiflorum_1_4_6,April_20,16.6,O,
grandiflorum_1_4_6,April_21,17.8,O,
grandiflorum_1_4_6,April_22,NA,,
grandiflorum_1_4_6,April_23,NA,,
grandiflorum_1_4_6,April_24,NA,,
grandiflorum_1_4_6,April_25,NA,,
grandiflorum_1_4_6,April_26,NA,,
grandiflorum_1_4_6,April_27,NA,,
grandiflorum_1_4_6,April_28,NA,,
grandiflorum_1_4_6,April_29,NA,,
grandiflorum_1_4_6,April_30,NA,,
grandiflorum_1_4_6,May_1,NA,,
grandiflorum_1_4_6,May_2,NA,,
koreanum_1_1_1,April_9,31.6,D,1
koreanum_1_1_1,April_10,31.7,D,2
koreanum_1_1_1,April_11,30.2,D,3
koreanum_1_1_1,April_12,28,D,4
koreanum_1_1_1,April_13,27,A,5
koreanum_1_1_1,April_14,NA,,
koreanum_1_1_1,April_15,NA,,
koreanum_1_1_1,April_16,NA,,
koreanum_1_1_1,April_17,NA,,
koreanum_1_1_1,April_18,NA,,
koreanum_1_1_1,April_19,NA,,
koreanum_1_1_1,April_20,NA,,
koreanum_1_1_1,April_21,NA,,
koreanum_1_1_1,April_22,NA,,
koreanum_1_1_1,April_23,NA,,
koreanum_1_1_1,April_24,NA,,
koreanum_1_1_1,April_25,NA,,
koreanum_1_1_1,April_26,NA,,
koreanum_1_1_1,April_27,NA,,
koreanum_1_1_1,April_28,NA,,
koreanum_1_1_1,April_29,NA,,
koreanum_1_1_1,April_30,NA,,
koreanum_1_1_1,May_1,NA,,
koreanum_1_1_1,May_2,NA,,
koreanum_1_1_2,April_9,24.1,O,1
koreanum_1_1_2,April_10,24.6,O,2
koreanum_1_1_2,April_11,25.1,P,3
koreanum_1_1_2,April_12,26.4,D,4
koreanum_1_1_2,April_13,26.7,D,5
koreanum_1_1_2,April_14,28.7,D,6
koreanum_1_1_2,April_15,28.4,D,7
koreanum_1_1_2,April_16,28.2,A,8
koreanum_1_1_2,April_17,NA,,
koreanum_1_1_2,April_18,NA,,
koreanum_1_1_2,April_19,NA,,
koreanum_1_1_2,April_20,NA,,
koreanum_1_1_2,April_21,NA,,
koreanum_1_1_2,April_22,NA,,
koreanum_1_1_2,April_23,NA,,
koreanum_1_1_2,April_24,NA,,
koreanum_1_1_2,April_25,NA,,
koreanum_1_1_2,April_26,NA,,
koreanum_1_1_2,April_27,NA,,
koreanum_1_1_2,April_28,NA,,
koreanum_1_1_2,April_29,NA,,
koreanum_1_1_2,April_30,NA,,
koreanum_1_1_2,May_1,NA,,
koreanum_1_1_2,May_2,NA,,
koreanum_1_1_3,April_9,25.6,O,1
koreanum_1_1_3,April_10,23.5,O,2
koreanum_1_1_3,April_11,26.4,P,3
koreanum_1_1_3,April_12,26,P,4
koreanum_1_1_3,April_13,27.2,D,5
koreanum_1_1_3,April_14,28.2,D,6
koreanum_1_1_3,April_15,29.1,D,7
koreanum_1_1_3,April_16,25.6,A,8
koreanum_1_1_3,April_17,NA,,
koreanum_1_1_3,April_18,NA,,
koreanum_1_1_3,April_19,NA,,
koreanum_1_1_3,April_20,NA,,
koreanum_1_1_3,April_21,NA,,
koreanum_1_1_3,April_22,NA,,
koreanum_1_1_3,April_23,NA,,
koreanum_1_1_3,April_24,NA,,
koreanum_1_1_3,April_25,NA,,
koreanum_1_1_3,April_26,NA,,
koreanum_1_1_3,April_27,NA,,
koreanum_1_1_3,April_28,NA,,
koreanum_1_1_3,April_29,NA,,
koreanum_1_1_3,April_30,NA,,
koreanum_1_1_3,May_1,NA,,
koreanum_1_1_3,May_2,NA,,
koreanum_1_1_4,April_9,7.5,G,1
koreanum_1_1_4,April_10,8.1,G,2
koreanum_1_1_4,April_11,8.5,G,3
koreanum_1_1_4,April_12,8.8,G,4
koreanum_1_1_4,April_13,10.3,O,5
koreanum_1_1_4,April_14,12.3,O,6
koreanum_1_1_4,April_15,20,O,7
koreanum_1_1_4,April_16,25,P,8
koreanum_1_1_4,April_17,28,P,9
koreanum_1_1_4,April_18,27.4,D,10
koreanum_1_1_4,April_19,26.5,D,11
koreanum_1_1_4,April_20,28.2,A,12
koreanum_1_1_4,April_21,NA,,
koreanum_1_1_4,April_22,NA,,
koreanum_1_1_4,April_23,NA,,
koreanum_1_1_4,April_24,NA,,
koreanum_1_1_4,April_25,NA,,
koreanum_1_1_4,April_26,NA,,
koreanum_1_1_4,April_27,NA,,
koreanum_1_1_4,April_28,NA,,
koreanum_1_1_4,April_29,NA,,
koreanum_1_1_4,April_30,NA,,
koreanum_1_1_4,May_1,NA,,
koreanum_1_1_4,May_2,NA,,
koreanum_1_1_5,April_9,27.6,P,1
koreanum_1_1_5,April_10,27.7,D,2
koreanum_1_1_5,April_11,28.1,D,3
koreanum_1_1_5,April_12,28.2,D,4
koreanum_1_1_5,April_13,26.6,D,5
koreanum_1_1_5,April_14,27,A,6
koreanum_1_1_5,April_15,NA,,
koreanum_1_1_5,April_16,NA,,
koreanum_1_1_5,April_17,NA,,
koreanum_1_1_5,April_18,NA,,
koreanum_1_1_5,April_19,NA,,
koreanum_1_1_5,April_20,NA,,
koreanum_1_1_5,April_21,NA,,
koreanum_1_1_5,April_22,NA,,
koreanum_1_1_5,April_23,NA,,
koreanum_1_1_5,April_24,NA,,
koreanum_1_1_5,April_25,NA,,
koreanum_1_1_5,April_26,NA,,
koreanum_1_1_5,April_27,NA,,
koreanum_1_1_5,April_28,NA,,
koreanum_1_1_5,April_29,NA,,
koreanum_1_1_5,April_30,NA,,
koreanum_1_1_5,May_1,NA,,
koreanum_1_1_5,May_2,NA,,
koreanum_1_1_6,April_9,8.5,G,1
koreanum_1_1_6,April_10,9.4,G,2
koreanum_1_1_6,April_11,10.9,G,3
koreanum_1_1_6,April_12,15,O,4
koreanum_1_1_6,April_13,22.9,O,5
koreanum_1_1_6,April_14,26.6,P,6
koreanum_1_1_6,April_15,27,D,7
koreanum_1_1_6,April_16,27.1,D,8
koreanum_1_1_6,April_17,28.1,D,9
koreanum_1_1_6,April_18,27.2,A,10
koreanum_1_1_6,April_19,NA,,
koreanum_1_1_6,April_20,NA,,
koreanum_1_1_6,April_21,NA,,
koreanum_1_1_6,April_22,NA,,
koreanum_1_1_6,April_23,NA,,
koreanum_1_1_6,April_24,NA,,
koreanum_1_1_6,April_25,NA,,
koreanum_1_1_6,April_26,NA,,
koreanum_1_1_6,April_27,NA,,
koreanum_1_1_6,April_28,NA,,
koreanum_1_1_6,April_29,NA,,
koreanum_1_1_6,April_30,NA,,
koreanum_1_1_6,May_1,NA,,
koreanum_1_1_6,May_2,NA,,
koreanum_1_2_1,April_9,31.6,D,1
koreanum_1_2_1,April_10,31.6,A,2
koreanum_1_2_1,April_11,NA,,
koreanum_1_2_1,April_12,NA,,
koreanum_1_2_1,April_13,NA,,
koreanum_1_2_1,April_14,NA,,
koreanum_1_2_1,April_15,NA,,
koreanum_1_2_1,April_16,NA,,
koreanum_1_2_1,April_17,NA,,
koreanum_1_2_1,April_18,NA,,
koreanum_1_2_1,April_19,NA,,
koreanum_1_2_1,April_20,NA,,
koreanum_1_2_1,April_21,NA,,
koreanum_1_2_1,April_22,NA,,
koreanum_1_2_1,April_23,NA,,
koreanum_1_2_1,April_24,NA,,
koreanum_1_2_1,April_25,NA,,
koreanum_1_2_1,April_26,NA,,
koreanum_1_2_1,April_27,NA,,
koreanum_1_2_1,April_28,NA,,
koreanum_1_2_1,April_29,NA,,
koreanum_1_2_1,April_30,NA,,
koreanum_1_2_1,May_1,NA,,
koreanum_1_2_1,May_2,NA,,
koreanum_1_2_2,April_9,5.9,G,1
koreanum_1_2_2,April_10,6.5,G,2
koreanum_1_2_2,April_11,7.2,G,3
koreanum_1_2_2,April_12,7.9,G,4
koreanum_1_2_2,April_13,9.1,G,5
koreanum_1_2_2,April_14,10.6,O,6
koreanum_1_2_2,April_15,18.5,O,7
koreanum_1_2_2,April_16,27.2,D,8
koreanum_1_2_2,April_17,27.8,D,9
koreanum_1_2_2,April_18,28.3,A,10
koreanum_1_2_2,April_19,NA,,
koreanum_1_2_2,April_20,NA,,
koreanum_1_2_2,April_21,NA,,
koreanum_1_2_2,April_22,NA,,
koreanum_1_2_2,April_23,NA,,
koreanum_1_2_2,April_24,NA,,
koreanum_1_2_2,April_25,NA,,
koreanum_1_2_2,April_26,NA,,
koreanum_1_2_2,April_27,NA,,
koreanum_1_2_2,April_28,NA,,
koreanum_1_2_2,April_29,NA,,
koreanum_1_2_2,April_30,NA,,
koreanum_1_2_2,May_1,NA,,
koreanum_1_2_2,May_2,NA,,
koreanum_1_2_3,April_9,8.4,G,1
koreanum_1_2_3,April_10,9.6,G,2
koreanum_1_2_3,April_11,11.5,O,3
koreanum_1_2_3,April_12,19.5,O,4
koreanum_1_2_3,April_13,26.3,O,5
koreanum_1_2_3,April_14,28.2,O,6
koreanum_1_2_3,April_15,28.3,P,7
koreanum_1_2_3,April_16,NA,,
koreanum_1_2_3,April_17,NA,,
koreanum_1_2_3,April_18,NA,,
koreanum_1_2_3,April_19,NA,,
koreanum_1_2_3,April_20,NA,,
koreanum_1_2_3,April_21,NA,,
koreanum_1_2_3,April_22,NA,,
koreanum_1_2_3,April_23,NA,,
koreanum_1_2_3,April_24,NA,,
koreanum_1_2_3,April_25,NA,,
koreanum_1_2_3,April_26,NA,,
koreanum_1_2_3,April_27,NA,,
koreanum_1_2_3,April_28,NA,,
koreanum_1_2_3,April_29,NA,,
koreanum_1_2_3,April_30,NA,,
koreanum_1_2_3,May_1,NA,,
koreanum_1_2_3,May_2,NA,,
koreanum_1_2_4,April_9,24.9,O,1
koreanum_1_2_4,April_10,27.2,P,2
koreanum_1_2_4,April_11,28.1,P,3
koreanum_1_2_4,April_12,27.9,P,4
koreanum_1_2_4,April_13,28.8,D,5
koreanum_1_2_4,April_14,28.6,D,6
koreanum_1_2_4,April_15,29.2,A,7
koreanum_1_2_4,April_16,NA,,
koreanum_1_2_4,April_17,NA,,
koreanum_1_2_4,April_18,NA,,
koreanum_1_2_4,April_19,NA,,
koreanum_1_2_4,April_20,NA,,
koreanum_1_2_4,April_21,NA,,
koreanum_1_2_4,April_22,NA,,
koreanum_1_2_4,April_23,NA,,
koreanum_1_2_4,April_24,NA,,
koreanum_1_2_4,April_25,NA,,
koreanum_1_2_4,April_26,NA,,
koreanum_1_2_4,April_27,NA,,
koreanum_1_2_4,April_28,NA,,
koreanum_1_2_4,April_29,NA,,
koreanum_1_2_4,April_30,NA,,
koreanum_1_2_4,May_1,NA,,
koreanum_1_2_4,May_2,NA,,
koreanum_1_3_1,April_9,23.3,O,1
koreanum_1_3_1,April_10,25,P,2
koreanum_1_3_1,April_11,26.1,P,3
koreanum_1_3_1,April_12,26.8,P,4
koreanum_1_3_1,April_13,25.6,D,5
koreanum_1_3_1,April_14,27.6,D,6
koreanum_1_3_1,April_15,28.1,D,7
koreanum_1_3_1,April_16,27.9,A,8
koreanum_1_3_1,April_17,NA,,
koreanum_1_3_1,April_18,NA,,
koreanum_1_3_1,April_19,NA,,
koreanum_1_3_1,April_20,NA,,
koreanum_1_3_1,April_21,NA,,
koreanum_1_3_1,April_22,NA,,
koreanum_1_3_1,April_23,NA,,
koreanum_1_3_1,April_24,NA,,
koreanum_1_3_1,April_25,NA,,
koreanum_1_3_1,April_26,NA,,
koreanum_1_3_1,April_27,NA,,
koreanum_1_3_1,April_28,NA,,
koreanum_1_3_1,April_29,NA,,
koreanum_1_3_1,April_30,NA,,
koreanum_1_3_1,May_1,NA,,
koreanum_1_3_1,May_2,NA,,
koreanum_1_3_2,April_9,4.8,E,1
koreanum_1_3_2,April_10,5.5,E,2
koreanum_1_3_2,April_11,5.7,E,3
koreanum_1_3_2,April_12,5.6,E,4
koreanum_1_3_2,April_13,6.2,G,5
koreanum_1_3_2,April_14,6.7,G,6
koreanum_1_3_2,April_15,7.2,G,7
koreanum_1_3_2,April_16,8,G,8
koreanum_1_3_2,April_17,9.2,G,9
koreanum_1_3_2,April_18,12.5,O,10
koreanum_1_3_2,April_19,24.5,O,11
koreanum_1_3_2,April_20,27.2,O,12
koreanum_1_3_2,April_21,29.5,D,13
koreanum_1_3_2,April_22,28.3,D,14
koreanum_1_3_2,April_23,29,A,15
koreanum_1_3_2,April_24,NA,,
koreanum_1_3_2,April_25,NA,,
koreanum_1_3_2,April_26,NA,,
koreanum_1_3_2,April_27,NA,,
koreanum_1_3_2,April_28,NA,,
koreanum_1_3_2,April_29,NA,,
koreanum_1_3_2,April_30,NA,,
koreanum_1_3_2,May_1,NA,,
koreanum_1_3_2,May_2,NA,,
koreanum_1_3_3,April_9,5.6,E,1
koreanum_1_3_3,April_10,6.6,E,2
koreanum_1_3_3,April_11,6.9,G,3
koreanum_1_3_3,April_12,7.3,G,4
koreanum_1_3_3,April_13,8.3,G,5
koreanum_1_3_3,April_14,9.3,G,6
koreanum_1_3_3,April_15,10.5,O,7
koreanum_1_3_3,April_16,18.5,O,8
koreanum_1_3_3,April_17,26.5,P,9
koreanum_1_3_3,April_18,27.9,P,10
koreanum_1_3_3,April_19,29,P,11
koreanum_1_3_3,April_20,26,A,12
koreanum_1_3_3,April_21,NA,,
koreanum_1_3_3,April_22,NA,,
koreanum_1_3_3,April_23,NA,,
koreanum_1_3_3,April_24,NA,,
koreanum_1_3_3,April_25,NA,,
koreanum_1_3_3,April_26,NA,,
koreanum_1_3_3,April_27,NA,,
koreanum_1_3_3,April_28,NA,,
koreanum_1_3_3,April_29,NA,,
koreanum_1_3_3,April_30,NA,,
koreanum_1_3_3,May_1,NA,,
koreanum_1_3_3,May_2,NA,,
koreanum_1_4_1,April_9,29,P,1
koreanum_1_4_1,April_10,31,D,2
koreanum_1_4_1,April_11,31.1,D,3
koreanum_1_4_1,April_12,30.8,D,4
koreanum_1_4_1,April_13,32.1,D,5
koreanum_1_4_1,April_14,32,D,6
koreanum_1_4_1,April_15,31,A,7
koreanum_1_4_1,April_16,NA,,
koreanum_1_4_1,April_17,NA,,
koreanum_1_4_1,April_18,NA,,
koreanum_1_4_1,April_19,NA,,
koreanum_1_4_1,April_20,NA,,
koreanum_1_4_1,April_21,NA,,
koreanum_1_4_1,April_22,NA,,
koreanum_1_4_1,April_23,NA,,
koreanum_1_4_1,April_24,NA,,
koreanum_1_4_1,April_25,NA,,
koreanum_1_4_1,April_26,NA,,
koreanum_1_4_1,April_27,NA,,
koreanum_1_4_1,April_28,NA,,
koreanum_1_4_1,April_29,NA,,
koreanum_1_4_1,April_30,NA,,
koreanum_1_4_1,May_1,NA,,
koreanum_1_4_1,May_2,NA,,
koreanum_1_4_2,April_9,9,G,1
koreanum_1_4_2,April_10,9.5,G,2
koreanum_1_4_2,April_11,11.5,G,3
koreanum_1_4_2,April_12,21.5,O,4
koreanum_1_4_2,April_13,25.5,P,5
koreanum_1_4_2,April_14,26.4,P,6
koreanum_1_4_2,April_15,29.2,D,7
koreanum_1_4_2,April_16,28,D,8
koreanum_1_4_2,April_17,29.6,D,9
koreanum_1_4_2,April_18,29.7,A,10
koreanum_1_4_2,April_19,NA,,
koreanum_1_4_2,April_20,NA,,
koreanum_1_4_2,April_21,NA,,
koreanum_1_4_2,April_22,NA,,
koreanum_1_4_2,April_23,NA,,
koreanum_1_4_2,April_24,NA,,
koreanum_1_4_2,April_25,NA,,
koreanum_1_4_2,April_26,NA,,
koreanum_1_4_2,April_27,NA,,
koreanum_1_4_2,April_28,NA,,
koreanum_1_4_2,April_29,NA,,
koreanum_1_4_2,April_30,NA,,
koreanum_1_4_2,May_1,NA,,
koreanum_1_4_2,May_2,NA,,
koreanum_1_4_3,April_9,6.4,G,1
koreanum_1_4_3,April_10,8,G,2
koreanum_1_4_3,April_11,8.9,O,3
koreanum_1_4_3,April_12,9,O,4
koreanum_1_4_3,April_13,24,O,5
koreanum_1_4_3,April_14,24.4,O,6
koreanum_1_4_3,April_15,27.2,D,7
koreanum_1_4_3,April_16,27,D,8
koreanum_1_4_3,April_17,29,A,9
koreanum_1_4_3,April_18,NA,,
koreanum_1_4_3,April_19,NA,,
koreanum_1_4_3,April_20,NA,,
koreanum_1_4_3,April_21,NA,,
koreanum_1_4_3,April_22,NA,,
koreanum_1_4_3,April_23,NA,,
koreanum_1_4_3,April_24,NA,,
koreanum_1_4_3,April_25,NA,,
koreanum_1_4_3,April_26,NA,,
koreanum_1_4_3,April_27,NA,,
koreanum_1_4_3,April_28,NA,,
koreanum_1_4_3,April_29,NA,,
koreanum_1_4_3,April_30,NA,,
koreanum_1_4_3,May_1,NA,,
koreanum_1_4_3,May_2,NA,,
koreanum_1_4_4,April_9,9.4,G,1
koreanum_1_4_4,April_10,9.9,O,2
koreanum_1_4_4,April_11,15.7,O,3
koreanum_1_4_4,April_12,22.1,O,4
koreanum_1_4_4,April_13,25.3,P,5
koreanum_1_4_4,April_14,29.2,P,6
koreanum_1_4_4,April_15,29.5,D,7
koreanum_1_4_4,April_16,29.6,D,8
koreanum_1_4_4,April_17,29.7,D,9
koreanum_1_4_4,April_18,29.4,A,10
koreanum_1_4_4,April_19,NA,,
koreanum_1_4_4,April_20,NA,,
koreanum_1_4_4,April_21,NA,,
koreanum_1_4_4,April_22,NA,,
koreanum_1_4_4,April_23,NA,,
koreanum_1_4_4,April_24,NA,,
koreanum_1_4_4,April_25,NA,,
koreanum_1_4_4,April_26,NA,,
koreanum_1_4_4,April_27,NA,,
koreanum_1_4_4,April_28,NA,,
koreanum_1_4_4,April_29,NA,,
koreanum_1_4_4,April_30,NA,,
koreanum_1_4_4,May_1,NA,,
koreanum_1_4_4,May_2,NA,,
koreanum_1_4_5,April_9,3.9,E,1
koreanum_1_4_5,April_10,4.5,E,2
koreanum_1_4_5,April_11,5.8,E,3
koreanum_1_4_5,April_12,5.5,E,4
koreanum_1_4_5,April_13,6.1,G,5
koreanum_1_4_5,April_14,7.1,G,6
koreanum_1_4_5,April_15,7.4,G,7
koreanum_1_4_5,April_16,7.3,G,8
koreanum_1_4_5,April_17,9.2,G,9
koreanum_1_4_5,April_18,8.3,O,10
koreanum_1_4_5,April_19,22.4,O,11
koreanum_1_4_5,April_20,27.2,P,12
koreanum_1_4_5,April_21,27.4,D,13
koreanum_1_4_5,April_22,28,D,14
koreanum_1_4_5,April_23,28,D,15
koreanum_1_4_5,April_24,NA,,
koreanum_1_4_5,April_25,NA,,
koreanum_1_4_5,April_26,NA,,
koreanum_1_4_5,April_27,NA,,
koreanum_1_4_5,April_28,NA,,
koreanum_1_4_5,April_29,NA,,
koreanum_1_4_5,April_30,NA,,
koreanum_1_4_5,May_1,NA,,
koreanum_1_4_5,May_2,NA,,
koreanum_1_5_1,April_9,NA,,
koreanum_1_5_1,April_10,10.8,G,1
koreanum_1_5_1,April_11,14.8,O,2
koreanum_1_5_1,April_12,22.6,O,3
koreanum_1_5_1,April_13,27.5,P,4
koreanum_1_5_1,April_14,29.4,P,5
koreanum_1_5_1,April_15,30.2,D,6
koreanum_1_5_1,April_16,30,D,7
koreanum_1_5_1,April_17,30.3,A,8
koreanum_1_5_1,April_18,NA,,
koreanum_1_5_1,April_19,NA,,
koreanum_1_5_1,April_20,NA,,
koreanum_1_5_1,April_21,NA,,
koreanum_1_5_1,April_22,NA,,
koreanum_1_5_1,April_23,NA,,
koreanum_1_5_1,April_24,NA,,
koreanum_1_5_1,April_25,NA,,
koreanum_1_5_1,April_26,NA,,
koreanum_1_5_1,April_27,NA,,
koreanum_1_5_1,April_28,NA,,
koreanum_1_5_1,April_29,NA,,
koreanum_1_5_1,April_30,NA,,
koreanum_1_5_1,May_1,NA,,
koreanum_1_5_1,May_2,NA,,
koreanum_1_5_2,April_9,NA,,
koreanum_1_5_2,April_10,2,E,1
koreanum_1_5_2,April_11,1.7,E,2
koreanum_1_5_2,April_12,2.7,E,3
koreanum_1_5_2,April_13,3.8,E,4
koreanum_1_5_2,April_14,4.8,E,5
koreanum_1_5_2,April_15,4,G,6
koreanum_1_5_2,April_16,4.1,G,7
koreanum_1_5_2,April_17,5.2,G,8
koreanum_1_5_2,April_18,7.1,G,9
koreanum_1_5_2,April_19,9.4,G,10
koreanum_1_5_2,April_20,15.2,O,11
koreanum_1_5_2,April_21,22.2,P,12
koreanum_1_5_2,April_22,29,P,13
koreanum_1_5_2,April_23,28.6,P,14
koreanum_1_5_2,April_24,30.2,A,15
koreanum_1_5_2,April_25,NA,,
koreanum_1_5_2,April_26,NA,,
koreanum_1_5_2,April_27,NA,,
koreanum_1_5_2,April_28,NA,,
koreanum_1_5_2,April_29,NA,,
koreanum_1_5_2,April_30,NA,,
koreanum_1_5_2,May_1,NA,,
koreanum_1_5_2,May_2,NA,,
koreanum_1_5_3,April_9,NA,,
koreanum_1_5_3,April_10,6,G,1
koreanum_1_5_3,April_11,6.9,G,2
koreanum_1_5_3,April_12,6.8,G,3
koreanum_1_5_3,April_13,7.9,G,4
koreanum_1_5_3,April_14,9.1,G,5
koreanum_1_5_3,April_15,10.3,O,6
koreanum_1_5_3,April_16,18.7,O,7
koreanum_1_5_3,April_17,25.5,O,8
koreanum_1_5_3,April_18,28.7,D,9
koreanum_1_5_3,April_19,28,D,10
koreanum_1_5_3,April_20,30.6,A,11
koreanum_1_5_3,April_21,NA,,
koreanum_1_5_3,April_22,NA,,
koreanum_1_5_3,April_23,NA,,
koreanum_1_5_3,April_24,NA,,
koreanum_1_5_3,April_25,NA,,
koreanum_1_5_3,April_26,NA,,
koreanum_1_5_3,April_27,NA,,
koreanum_1_5_3,April_28,NA,,
koreanum_1_5_3,April_29,NA,,
koreanum_1_5_3,April_30,NA,,
koreanum_1_5_3,May_1,NA,,
koreanum_1_5_3,May_2,NA,,
koreanum_1_5_4,April_9,NA,,
koreanum_1_5_4,April_10,0,E,1
koreanum_1_5_4,April_11,0,E,2
koreanum_1_5_4,April_12,0,E,3
koreanum_1_5_4,April_13,0.9,E,4
koreanum_1_5_4,April_14,0.6,E,5
koreanum_1_5_4,April_15,2,E,6
koreanum_1_5_4,April_16,1.9,E,7
koreanum_1_5_4,April_17,3.4,E,8
koreanum_1_5_4,April_18,4.8,E,9
koreanum_1_5_4,April_19,5.4,E,10
koreanum_1_5_4,April_20,5.4,G,11
koreanum_1_5_4,April_21,6.4,G,12
koreanum_1_5_4,April_22,8,G,13
koreanum_1_5_4,April_23,8.9,G,14
koreanum_1_5_4,April_24,10.5,O,15
koreanum_1_5_4,April_25,19.3,O,16
koreanum_1_5_4,April_26,24.5,O,17
koreanum_1_5_4,April_27,26.5,P,18
koreanum_1_5_4,April_28,26.5,D,19
koreanum_1_5_4,April_29,NA,,
koreanum_1_5_4,April_30,NA,,
koreanum_1_5_4,May_1,NA,,
koreanum_1_5_4,May_2,NA,,
koreanum_1_5_6,April_9,NA,,
koreanum_1_5_6,April_10,0,E,1
koreanum_1_5_6,April_11,0,E,2
koreanum_1_5_6,April_12,0,E,3
koreanum_1_5_6,April_13,0.9,E,4
koreanum_1_5_6,April_14,0.4,E,5
koreanum_1_5_6,April_15,1.7,E,6
koreanum_1_5_6,April_16,2.8,E,7
koreanum_1_5_6,April_17,3.9,E,8
koreanum_1_5_6,April_18,4.6,E,9
koreanum_1_5_6,April_19,5.2,E,10
koreanum_1_5_6,April_20,5.5,E,11
koreanum_1_5_6,April_21,6.3,G,12
koreanum_1_5_6,April_22,8,G,13
koreanum_1_5_6,April_23,8.5,G,14
koreanum_1_5_6,April_24,9.3,O,15
koreanum_1_5_6,April_25,18.4,O,16
koreanum_1_5_6,April_26,24.2,O,17
koreanum_1_5_6,April_27,24.4,P,18
koreanum_1_5_6,April_28,27,D,19
koreanum_1_5_6,April_29,23.5,D,20
koreanum_1_5_6,April_30,23,D,21
koreanum_1_5_6,May_1,22.9,A,22
koreanum_1_5_6,May_2,NA,,
koreanum_1_6_1,April_9,NA,,
koreanum_1_6_1,April_10,24.5,O,1
koreanum_1_6_1,April_11,24.5,O,2
koreanum_1_6_1,April_12,28.1,P,3
koreanum_1_6_1,April_13,28.1,D,4
koreanum_1_6_1,April_14,28,D,5
koreanum_1_6_1,April_15,29,D,6
koreanum_1_6_1,April_16,27.7,A,7
koreanum_1_6_1,April_17,NA,,
koreanum_1_6_1,April_18,NA,,
koreanum_1_6_1,April_19,NA,,
koreanum_1_6_1,April_20,NA,,
koreanum_1_6_1,April_21,NA,,
koreanum_1_6_1,April_22,NA,,
koreanum_1_6_1,April_23,NA,,
koreanum_1_6_1,April_24,NA,,
koreanum_1_6_1,April_25,NA,,
koreanum_1_6_1,April_26,NA,,
koreanum_1_6_1,April_27,NA,,
koreanum_1_6_1,April_28,NA,,
koreanum_1_6_1,April_29,NA,,
koreanum_1_6_1,April_30,NA,,
koreanum_1_6_1,May_1,NA,,
koreanum_1_6_1,May_2,NA,,
koreanum_1_6_2,April_9,NA,,
koreanum_1_6_2,April_10,3.2,E,1
koreanum_1_6_2,April_11,3.7,E,2
koreanum_1_6_2,April_12,3.6,E,3
koreanum_1_6_2,April_13,5,E,4
koreanum_1_6_2,April_14,3.7,E,5
koreanum_1_6_2,April_15,5.6,G,6
koreanum_1_6_2,April_16,5.9,G,7
koreanum_1_6_2,April_17,6.4,G,8
koreanum_1_6_2,April_18,8,G,9
koreanum_1_6_2,April_19,9.7,O,10
koreanum_1_6_2,April_20,15.6,O,11
koreanum_1_6_2,April_21,16.4,O,12
koreanum_1_6_2,April_22,NA,,
koreanum_1_6_2,April_23,NA,,
koreanum_1_6_2,April_24,NA,,
koreanum_1_6_2,April_25,NA,,
koreanum_1_6_2,April_26,NA,,
koreanum_1_6_2,April_27,NA,,
koreanum_1_6_2,April_28,NA,,
koreanum_1_6_2,April_29,NA,,
koreanum_1_6_2,April_30,NA,,
koreanum_1_6_2,May_1,NA,,
koreanum_1_6_2,May_2,NA,,
koreanum_1_6_3,April_9,NA,,
koreanum_1_6_3,April_10,7.9,O,1
koreanum_1_6_3,April_11,9,O,2
koreanum_1_6_3,April_12,10,O,3
koreanum_1_6_3,April_13,11,O,4
koreanum_1_6_3,April_14,24.1,O,5
koreanum_1_6_3,April_15,25.9,P,6
koreanum_1_6_3,April_16,27.4,D,7
koreanum_1_6_3,April_17,27.9,D,8
koreanum_1_6_3,April_18,27.1,A,9
koreanum_1_6_3,April_19,NA,,
koreanum_1_6_3,April_20,NA,,
koreanum_1_6_3,April_21,NA,,
koreanum_1_6_3,April_22,NA,,
koreanum_1_6_3,April_23,NA,,
koreanum_1_6_3,April_24,NA,,
koreanum_1_6_3,April_25,NA,,
koreanum_1_6_3,April_26,NA,,
koreanum_1_6_3,April_27,NA,,
koreanum_1_6_3,April_28,NA,,
koreanum_1_6_3,April_29,NA,,
koreanum_1_6_3,April_30,NA,,
koreanum_1_6_3,May_1,NA,,
koreanum_1_6_3,May_2,NA,,
koreanum_1_6_4,April_9,NA,,
koreanum_1_6_4,April_10,1.1,E,1
koreanum_1_6_4,April_11,1.8,E,2
koreanum_1_6_4,April_12,1.9,E,3
koreanum_1_6_4,April_13,2.1,E,4
koreanum_1_6_4,April_14,2.2,E,5
koreanum_1_6_4,April_15,2.9,E,6
koreanum_1_6_4,April_16,3.3,E,7
koreanum_1_6_4,April_17,3.5,E,8
koreanum_1_6_4,April_18,5.1,E,9
koreanum_1_6_4,April_19,4.8,E,10
koreanum_1_6_4,April_20,5.4,G,11
koreanum_1_6_4,April_21,6.1,G,12
koreanum_1_6_4,April_22,7.6,G,13
koreanum_1_6_4,April_23,8.4,G,14
koreanum_1_6_4,April_24,10,O,15
koreanum_1_6_4,April_25,9.1,O,16
koreanum_1_6_4,April_26,NA,,
koreanum_1_6_4,April_27,NA,,
koreanum_1_6_4,April_28,NA,,
koreanum_1_6_4,April_29,NA,,
koreanum_1_6_4,April_30,NA,,
koreanum_1_6_4,May_1,NA,,
koreanum_1_6_4,May_2,NA,,
koreanum_1_6_5,April_9,NA,,
koreanum_1_6_5,April_10,3,E,1
koreanum_1_6_5,April_11,3.8,E,2
koreanum_1_6_5,April_12,3.9,E,3
koreanum_1_6_5,April_13,5.1,E,4
koreanum_1_6_5,April_14,5.3,E,5
koreanum_1_6_5,April_15,5.6,G,6
koreanum_1_6_5,April_16,6,G,7
koreanum_1_6_5,April_17,7.6,G,8
koreanum_1_6_5,April_18,8.2,G,9
koreanum_1_6_5,April_19,9.2,G,10
koreanum_1_6_5,April_20,8.9,G,11
koreanum_1_6_5,April_21,19.4,O,12
koreanum_1_6_5,April_22,NA,,
koreanum_1_6_5,April_23,NA,,
koreanum_1_6_5,April_24,NA,,
koreanum_1_6_5,April_25,NA,,
koreanum_1_6_5,April_26,NA,,
koreanum_1_6_5,April_27,NA,,
koreanum_1_6_5,April_28,NA,,
koreanum_1_6_5,April_29,NA,,
koreanum_1_6_5,April_30,NA,,
koreanum_1_6_5,May_1,NA,,
koreanum_1_6_5,May_2,NA,,
koreanum_2_1_1,April_9,NA,,
koreanum_2_1_1,April_10,22.2,O,1
koreanum_2_1_1,April_11,25.4,O,2
koreanum_2_1_1,April_12,27.2,O,3
koreanum_2_1_1,April_13,28.6,D,4
koreanum_2_1_1,April_14,29.3,D,5
koreanum_2_1_1,April_15,30.4,D,6
koreanum_2_1_1,April_16,29.6,A,7
koreanum_2_1_1,April_17,NA,,
koreanum_2_1_1,April_18,NA,,
koreanum_2_1_1,April_19,NA,,
koreanum_2_1_1,April_20,NA,,
koreanum_2_1_1,April_21,NA,,
koreanum_2_1_1,April_22,NA,,
koreanum_2_1_1,April_23,NA,,
koreanum_2_1_1,April_24,NA,,
koreanum_2_1_1,April_25,NA,,
koreanum_2_1_1,April_26,NA,,
koreanum_2_1_1,April_27,NA,,
koreanum_2_1_1,April_28,NA,,
koreanum_2_1_1,April_29,NA,,
koreanum_2_1_1,April_30,NA,,
koreanum_2_1_1,May_1,NA,,
koreanum_2_1_1,May_2,NA,,
koreanum_2_1_2,April_9,NA,,
koreanum_2_1_2,April_10,0,E,1
koreanum_2_1_2,April_11,0.9,E,2
koreanum_2_1_2,April_12,1.1,E,3
koreanum_2_1_2,April_13,1.8,E,4
koreanum_2_1_2,April_14,1.8,E,5
koreanum_2_1_2,April_15,1.7,E,6
koreanum_2_1_2,April_16,1.7,E,7
koreanum_2_1_2,April_17,2.4,E,8
koreanum_2_1_2,April_18,4,E,9
koreanum_2_1_2,April_19,4.2,E,10
koreanum_2_1_2,April_20,5.2,E,11
koreanum_2_1_2,April_21,5.9,E,12
koreanum_2_1_2,April_22,7.9,G,13
koreanum_2_1_2,April_23,8.6,G,14
koreanum_2_1_2,April_24,11,G,15
koreanum_2_1_2,April_25,20.7,O,16
koreanum_2_1_2,April_26,25.6,P,17
koreanum_2_1_2,April_27,NA,,
koreanum_2_1_2,April_28,NA,,
koreanum_2_1_2,April_29,NA,,
koreanum_2_1_2,April_30,NA,,
koreanum_2_1_2,May_1,NA,,
koreanum_2_1_2,May_2,NA,,
koreanum_2_1_3,April_9,NA,,
koreanum_2_1_3,April_10,0,E,1
koreanum_2_1_3,April_11,1.9,E,2
koreanum_2_1_3,April_12,2.4,E,3
koreanum_2_1_3,April_13,2.5,E,4
koreanum_2_1_3,April_14,2.4,E,5
koreanum_2_1_3,April_15,3.8,E,6
koreanum_2_1_3,April_16,3.6,E,7
koreanum_2_1_3,April_17,4,E,8
koreanum_2_1_3,April_18,6.1,E,9
koreanum_2_1_3,April_19,6.6,E,10
koreanum_2_1_3,April_20,7.9,G,11
koreanum_2_1_3,April_21,9.5,G,12
koreanum_2_1_3,April_22,15,O,13
koreanum_2_1_3,April_23,21.9,O,14
koreanum_2_1_3,April_24,26.7,P,15
koreanum_2_1_3,April_25,26.4,D,16
koreanum_2_1_3,April_26,28.1,D,17
koreanum_2_1_3,April_27,NA,,
koreanum_2_1_3,April_28,NA,,
koreanum_2_1_3,April_29,NA,,
koreanum_2_1_3,April_30,NA,,
koreanum_2_1_3,May_1,NA,,
koreanum_2_1_3,May_2,NA,,
koreanum_2_1_4,April_9,NA,,
koreanum_2_1_4,April_10,2,E,1
koreanum_2_1_4,April_11,3.1,E,2
koreanum_2_1_4,April_12,3.3,E,3
koreanum_2_1_4,April_13,5,E,4
koreanum_2_1_4,April_14,5.4,E,5
koreanum_2_1_4,April_15,5.7,E,6
koreanum_2_1_4,April_16,6.5,E,7
koreanum_2_1_4,April_17,7.6,G,8
koreanum_2_1_4,April_18,9,G,9
koreanum_2_1_4,April_19,10.7,G,10
koreanum_2_1_4,April_20,11.4,O,11
koreanum_2_1_4,April_21,25.2,P,12
koreanum_2_1_4,April_22,26.2,P,13
koreanum_2_1_4,April_23,29,P,14
koreanum_2_1_4,April_24,NA,,
koreanum_2_1_4,April_25,NA,,
koreanum_2_1_4,April_26,NA,,
koreanum_2_1_4,April_27,NA,,
koreanum_2_1_4,April_28,NA,,
koreanum_2_1_4,April_29,NA,,
koreanum_2_1_4,April_30,NA,,
koreanum_2_1_4,May_1,NA,,
koreanum_2_1_4,May_2,NA,,
koreanum_2_1_5,April_9,NA,,
koreanum_2_1_5,April_10,0,E,1
koreanum_2_1_5,April_11,0,E,2
koreanum_2_1_5,April_12,0,E,3
koreanum_2_1_5,April_13,0,E,4
koreanum_2_1_5,April_14,0,E,5
koreanum_2_1_5,April_15,0.9,E,6
koreanum_2_1_5,April_16,1.8,E,7
koreanum_2_1_5,April_17,2.3,E,8
koreanum_2_1_5,April_18,3.2,E,9
koreanum_2_1_5,April_19,4.3,E,10
koreanum_2_1_5,April_20,5.2,E,11
koreanum_2_1_5,April_21,6.3,E,12
koreanum_2_1_5,April_22,6,E,13
koreanum_2_1_5,April_23,7.3,E,14
koreanum_2_1_5,April_24,7.6,E,15
koreanum_2_1_5,April_25,8.2,G,16
koreanum_2_1_5,April_26,10.2,G,17
koreanum_2_1_5,April_27,NA,,
koreanum_2_1_5,April_28,NA,,
koreanum_2_1_5,April_29,NA,,
koreanum_2_1_5,April_30,NA,,
koreanum_2_1_5,May_1,NA,,
koreanum_2_1_5,May_2,NA,,
koreanum_2_2_1,April_9,NA,,
koreanum_2_2_1,April_10,26.9,P,1
koreanum_2_2_1,April_11,29.1,P,2
koreanum_2_2_1,April_12,29.4,P,3
koreanum_2_2_1,April_13,28.5,D,4
koreanum_2_2_1,April_14,27,D,5
koreanum_2_2_1,April_15,29.2,A,6
koreanum_2_2_1,April_16,NA,,
koreanum_2_2_1,April_17,NA,,
koreanum_2_2_1,April_18,NA,,
koreanum_2_2_1,April_19,NA,,
koreanum_2_2_1,April_20,NA,,
koreanum_2_2_1,April_21,NA,,
koreanum_2_2_1,April_22,NA,,
koreanum_2_2_1,April_23,NA,,
koreanum_2_2_1,April_24,NA,,
koreanum_2_2_1,April_25,NA,,
koreanum_2_2_1,April_26,NA,,
koreanum_2_2_1,April_27,NA,,
koreanum_2_2_1,April_28,NA,,
koreanum_2_2_1,April_29,NA,,
koreanum_2_2_1,April_30,NA,,
koreanum_2_2_1,May_1,NA,,
koreanum_2_2_1,May_2,NA,,
koreanum_2_2_2,April_9,NA,,
koreanum_2_2_2,April_10,3.6,E,1
koreanum_2_2_2,April_11,4,E,2
koreanum_2_2_2,April_12,4.9,E,3
koreanum_2_2_2,April_13,5.3,E,4
koreanum_2_2_2,April_14,6.5,E,5
koreanum_2_2_2,April_15,6.3,E,6
koreanum_2_2_2,April_16,6.5,G,7
koreanum_2_2_2,April_17,7.2,G,8
koreanum_2_2_2,April_18,7.6,G,9
koreanum_2_2_2,April_19,10.1,O,10
koreanum_2_2_2,April_20,NA,,
koreanum_2_2_2,April_21,NA,,
koreanum_2_2_2,April_22,NA,,
koreanum_2_2_2,April_23,NA,,
koreanum_2_2_2,April_24,NA,,
koreanum_2_2_2,April_25,NA,,
koreanum_2_2_2,April_26,NA,,
koreanum_2_2_2,April_27,NA,,
koreanum_2_2_2,April_28,NA,,
koreanum_2_2_2,April_29,NA,,
koreanum_2_2_2,April_30,NA,,
koreanum_2_2_2,May_1,NA,,
koreanum_2_2_2,May_2,NA,,
koreanum_2_2_3,April_9,NA,,
koreanum_2_2_3,April_10,6.9,E,1
koreanum_2_2_3,April_11,6.5,E,2
koreanum_2_2_3,April_12,7.1,G,3
koreanum_2_2_3,April_13,7.4,G,4
koreanum_2_2_3,April_14,7.2,G,5
koreanum_2_2_3,April_15,8.6,O,6
koreanum_2_2_3,April_16,10.3,O,7
koreanum_2_2_3,April_17,21.5,O,8
koreanum_2_2_3,April_18,NA,,
koreanum_2_2_3,April_19,NA,,
koreanum_2_2_3,April_20,NA,,
koreanum_2_2_3,April_21,NA,,
koreanum_2_2_3,April_22,NA,,
koreanum_2_2_3,April_23,NA,,
koreanum_2_2_3,April_24,NA,,
koreanum_2_2_3,April_25,NA,,
koreanum_2_2_3,April_26,NA,,
koreanum_2_2_3,April_27,NA,,
koreanum_2_2_3,April_28,NA,,
koreanum_2_2_3,April_29,NA,,
koreanum_2_2_3,April_30,NA,,
koreanum_2_2_3,May_1,NA,,
koreanum_2_2_3,May_2,NA,,
koreanum_2_2_4,April_9,NA,,
koreanum_2_2_4,April_10,0,E,1
koreanum_2_2_4,April_11,0,E,2
koreanum_2_2_4,April_12,0.9,E,3
koreanum_2_2_4,April_13,2.5,E,4
koreanum_2_2_4,April_14,2,E,5
koreanum_2_2_4,April_15,2,E,6
koreanum_2_2_4,April_16,3.2,E,7
koreanum_2_2_4,April_17,4,E,8
koreanum_2_2_4,April_18,NA,,
koreanum_2_2_4,April_19,NA,,
koreanum_2_2_4,April_20,NA,,
koreanum_2_2_4,April_21,NA,,
koreanum_2_2_4,April_22,NA,,
koreanum_2_2_4,April_23,NA,,
koreanum_2_2_4,April_24,NA,,
koreanum_2_2_4,April_25,NA,,
koreanum_2_2_4,April_26,NA,,
koreanum_2_2_4,April_27,NA,,
koreanum_2_2_4,April_28,NA,,
koreanum_2_2_4,April_29,NA,,
koreanum_2_2_4,April_30,NA,,
koreanum_2_2_4,May_1,NA,,
koreanum_2_2_4,May_2,NA,,
koreanum_2_2_5,April_9,NA,,
koreanum_2_2_5,April_10,0,E,1
koreanum_2_2_5,April_11,0,E,2
koreanum_2_2_5,April_12,0.6,E,3
koreanum_2_2_5,April_13,1.1,E,4
koreanum_2_2_5,April_14,0.7,E,5
koreanum_2_2_5,April_15,0.7,E,6
koreanum_2_2_5,April_16,1.7,E,7
koreanum_2_2_5,April_17,2.8,E,8
koreanum_2_2_5,April_18,3.1,E,9
koreanum_2_2_5,April_19,5.2,G,10
koreanum_2_2_5,April_20,NA,,
koreanum_2_2_5,April_21,NA,,
koreanum_2_2_5,April_22,NA,,
koreanum_2_2_5,April_23,NA,,
koreanum_2_2_5,April_24,NA,,
koreanum_2_2_5,April_25,NA,,
koreanum_2_2_5,April_26,NA,,
koreanum_2_2_5,April_27,NA,,
koreanum_2_2_5,April_28,NA,,
koreanum_2_2_5,April_29,NA,,
koreanum_2_2_5,April_30,NA,,
koreanum_2_2_5,May_1,NA,,
koreanum_2_2_5,May_2,NA,,
koreanum_2_2_6,April_9,NA,,
koreanum_2_2_6,April_10,7.9,G,1
koreanum_2_2_6,April_11,8.3,G,2
koreanum_2_2_6,April_12,9.4,G,3
koreanum_2_2_6,April_13,13,G,4
koreanum_2_2_6,April_14,10.6,O,5
koreanum_2_2_6,April_15,23.3,P,6
koreanum_2_2_6,April_16,25.4,D,7
koreanum_2_2_6,April_17,26.8,D,8
koreanum_2_2_6,April_18,NA,,
koreanum_2_2_6,April_19,NA,,
koreanum_2_2_6,April_20,NA,,
koreanum_2_2_6,April_21,NA,,
koreanum_2_2_6,April_22,NA,,
koreanum_2_2_6,April_23,NA,,
koreanum_2_2_6,April_24,NA,,
koreanum_2_2_6,April_25,NA,,
koreanum_2_2_6,April_26,NA,,
koreanum_2_2_6,April_27,NA,,
koreanum_2_2_6,April_28,NA,,
koreanum_2_2_6,April_29,NA,,
koreanum_2_2_6,April_30,NA,,
koreanum_2_2_6,May_1,NA,,
koreanum_2_2_6,May_2,NA,,
koreanum_2_4_1,April_9,NA,,
koreanum_2_4_1,April_10,NA,,
koreanum_2_4_1,April_11,19.1,O,1
koreanum_2_4_1,April_12,24.6,O,2
koreanum_2_4_1,April_13,28,D,3
koreanum_2_4_1,April_14,30,D,4
koreanum_2_4_1,April_15,30.5,D,5
koreanum_2_4_1,April_16,31,D,6
koreanum_2_4_1,April_17,31.8,D,7
koreanum_2_4_1,April_18,29.3,A,8
koreanum_2_4_1,April_19,NA,,
koreanum_2_4_1,April_20,NA,,
koreanum_2_4_1,April_21,NA,,
koreanum_2_4_1,April_22,NA,,
koreanum_2_4_1,April_23,NA,,
koreanum_2_4_1,April_24,NA,,
koreanum_2_4_1,April_25,NA,,
koreanum_2_4_1,April_26,NA,,
koreanum_2_4_1,April_27,NA,,
koreanum_2_4_1,April_28,NA,,
koreanum_2_4_1,April_29,NA,,
koreanum_2_4_1,April_30,NA,,
koreanum_2_4_1,May_1,NA,,
koreanum_2_4_1,May_2,NA,,
koreanum_2_4_2,April_9,NA,,
koreanum_2_4_2,April_10,NA,,
koreanum_2_4_2,April_11,1.8,E,1
koreanum_2_4_2,April_12,1.4,E,2
koreanum_2_4_2,April_13,1.9,E,3
koreanum_2_4_2,April_14,2.8,E,4
koreanum_2_4_2,April_15,3.4,E,5
koreanum_2_4_2,April_16,3.9,E,6
koreanum_2_4_2,April_17,5.7,E,7
koreanum_2_4_2,April_18,6.9,G,8
koreanum_2_4_2,April_19,7.1,G,9
koreanum_2_4_2,April_20,8.6,G,10
koreanum_2_4_2,April_21,9.5,G,11
koreanum_2_4_2,April_22,20,O,12
koreanum_2_4_2,April_23,23,O,13
koreanum_2_4_2,April_24,27,P,14
koreanum_2_4_2,April_25,28.9,D,15
koreanum_2_4_2,April_26,26.9,D,16
koreanum_2_4_2,April_27,28.2,A,17
koreanum_2_4_2,April_28,NA,,
koreanum_2_4_2,April_29,NA,,
koreanum_2_4_2,April_30,NA,,
koreanum_2_4_2,May_1,NA,,
koreanum_2_4_2,May_2,NA,,
koreanum_2_4_3,April_9,NA,,
koreanum_2_4_3,April_10,NA,,
koreanum_2_4_3,April_11,0,E,1
koreanum_2_4_3,April_12,0.9,E,2
koreanum_2_4_3,April_13,0.7,E,3
koreanum_2_4_3,April_14,1.6,E,4
koreanum_2_4_3,April_15,2,E,5
koreanum_2_4_3,April_16,2.9,E,6
koreanum_2_4_3,April_17,3.7,E,7
koreanum_2_4_3,April_18,5.5,E,8
koreanum_2_4_3,April_19,7,G,9
koreanum_2_4_3,April_20,8.2,G,10
koreanum_2_4_3,April_21,9.3,G,11
koreanum_2_4_3,April_22,12.5,O,12
koreanum_2_4_3,April_23,22.5,O,13
koreanum_2_4_3,April_24,26.5,P,14
koreanum_2_4_3,April_25,28.6,D,15
koreanum_2_4_3,April_26,28.2,D,16
koreanum_2_4_3,April_27,28.1,D,17
koreanum_2_4_3,April_28,28.6,A,18
koreanum_2_4_3,April_29,NA,,
koreanum_2_4_3,April_30,NA,,
koreanum_2_4_3,May_1,NA,,
koreanum_2_4_3,May_2,NA,,
koreanum_2_4_4,April_9,NA,,
koreanum_2_4_4,April_10,NA,,
koreanum_2_4_4,April_11,0,E,1
koreanum_2_4_4,April_12,2.4,E,2
koreanum_2_4_4,April_13,2.9,E,3
koreanum_2_4_4,April_14,4,E,4
koreanum_2_4_4,April_15,4.5,E,5
koreanum_2_4_4,April_16,4.9,E,6
koreanum_2_4_4,April_17,4.7,E,7
koreanum_2_4_4,April_18,6.9,G,8
koreanum_2_4_4,April_19,6.3,G,9
koreanum_2_4_4,April_20,9.1,G,10
koreanum_2_4_4,April_21,10.4,O,11
koreanum_2_4_4,April_22,24.4,O,12
koreanum_2_4_4,April_23,25,O,13
koreanum_2_4_4,April_24,27.5,D,14
koreanum_2_4_4,April_25,29.2,D,15
koreanum_2_4_4,April_26,29,A,16
koreanum_2_4_4,April_27,NA,,
koreanum_2_4_4,April_28,NA,,
koreanum_2_4_4,April_29,NA,,
koreanum_2_4_4,April_30,NA,,
koreanum_2_4_4,May_1,NA,,
koreanum_2_4_4,May_2,NA,,
koreanum_2_4_5,April_9,NA,,
koreanum_2_4_5,April_10,NA,,
koreanum_2_4_5,April_11,1.1,E,1
koreanum_2_4_5,April_12,1.8,E,2
koreanum_2_4_5,April_13,1.2,E,3
koreanum_2_4_5,April_14,1.9,E,4
koreanum_2_4_5,April_15,2.6,E,5
koreanum_2_4_5,April_16,2.8,E,6
koreanum_2_4_5,April_17,3.3,E,7
koreanum_2_4_5,April_18,5,E,8
koreanum_2_4_5,April_19,5.7,E,9
koreanum_2_4_5,April_20,6.4,E,10
koreanum_2_4_5,April_21,7.4,G,11
koreanum_2_4_5,April_22,8.1,G,12
koreanum_2_4_5,April_23,9.2,G,13
koreanum_2_4_5,April_24,9.5,G,14
koreanum_2_4_5,April_25,16.9,O,15
koreanum_2_4_5,April_26,22,O,16
koreanum_2_4_5,April_27,24.2,P,17
koreanum_2_4_5,April_28,21.9,D,18
koreanum_2_4_5,April_29,24.5,D,19
koreanum_2_4_5,April_30,24.1,A,20
koreanum_2_4_5,May_1,NA,,
koreanum_2_4_5,May_2,NA,,
koreanum_2_5_1,April_9,NA,,
koreanum_2_5_1,April_10,NA,,
koreanum_2_5_1,April_11,NA,,
koreanum_2_5_1,April_12,8.2,G,1
koreanum_2_5_1,April_13,9.1,G,2
koreanum_2_5_1,April_14,10.5,G,3
koreanum_2_5_1,April_15,12.1,G,4
koreanum_2_5_1,April_16,22.7,O,5
koreanum_2_5_1,April_17,23.7,O,6
koreanum_2_5_1,April_18,30,D,7
koreanum_2_5_1,April_19,29.5,D,8
koreanum_2_5_1,April_20,30.5,D,9
koreanum_2_5_1,April_21,28,A,10
koreanum_2_5_1,April_22,NA,,
koreanum_2_5_1,April_23,NA,,
koreanum_2_5_1,April_24,NA,,
koreanum_2_5_1,April_25,NA,,
koreanum_2_5_1,April_26,NA,,
koreanum_2_5_1,April_27,NA,,
koreanum_2_5_1,April_28,NA,,
koreanum_2_5_1,April_29,NA,,
koreanum_2_5_1,April_30,NA,,
koreanum_2_5_1,May_1,NA,,
koreanum_2_5_1,May_2,NA,,
koreanum_2_5_2,April_9,NA,,
koreanum_2_5_2,April_10,NA,,
koreanum_2_5_2,April_11,NA,,
koreanum_2_5_2,April_12,7.9,G,1
koreanum_2_5_2,April_13,9.6,G,2
koreanum_2_5_2,April_14,10.4,G,3
koreanum_2_5_2,April_15,11.5,G,4
koreanum_2_5_2,April_16,22.7,O,5
koreanum_2_5_2,April_17,25.6,O,6
koreanum_2_5_2,April_18,27,D,7
koreanum_2_5_2,April_19,26.2,D,8
koreanum_2_5_2,April_20,29.6,A,9
koreanum_2_5_2,April_21,NA,,
koreanum_2_5_2,April_22,NA,,
koreanum_2_5_2,April_23,NA,,
koreanum_2_5_2,April_24,NA,,
koreanum_2_5_2,April_25,NA,,
koreanum_2_5_2,April_26,NA,,
koreanum_2_5_2,April_27,NA,,
koreanum_2_5_2,April_28,NA,,
koreanum_2_5_2,April_29,NA,,
koreanum_2_5_2,April_30,NA,,
koreanum_2_5_2,May_1,NA,,
koreanum_2_5_2,May_2,NA,,
koreanum_2_6_1,April_9,NA,,
koreanum_2_6_1,April_10,NA,,
koreanum_2_6_1,April_11,NA,,
koreanum_2_6_1,April_12,NA,,
koreanum_2_6_1,April_13,NA,,
koreanum_2_6_1,April_14,NA,,
koreanum_2_6_1,April_15,NA,,
koreanum_2_6_1,April_16,NA,,
koreanum_2_6_1,April_17,NA,,
koreanum_2_6_1,April_18,22.5,O,1
koreanum_2_6_1,April_19,24.1,O,2
koreanum_2_6_1,April_20,26.8,D,3
koreanum_2_6_1,April_21,24.4,A,4
koreanum_2_6_1,April_22,NA,,
koreanum_2_6_1,April_23,NA,,
koreanum_2_6_1,April_24,NA,,
koreanum_2_6_1,April_25,NA,,
koreanum_2_6_1,April_26,NA,,
koreanum_2_6_1,April_27,NA,,
koreanum_2_6_1,April_28,NA,,
koreanum_2_6_1,April_29,NA,,
koreanum_2_6_1,April_30,NA,,
koreanum_2_6_1,May_1,NA,,
koreanum_2_6_1,May_2,NA,,
koreanum_2_6_2,April_9,NA,,
koreanum_2_6_2,April_10,NA,,
koreanum_2_6_2,April_11,NA,,
koreanum_2_6_2,April_12,NA,,
koreanum_2_6_2,April_13,NA,,
koreanum_2_6_2,April_14,NA,,
koreanum_2_6_2,April_15,NA,,
koreanum_2_6_2,April_16,NA,,
koreanum_2_6_2,April_17,NA,,
koreanum_2_6_2,April_18,8,G,1
koreanum_2_6_2,April_19,9.3,G,2
koreanum_2_6_2,April_20,10.7,G,3
koreanum_2_6_2,April_21,17,O,4
koreanum_2_6_2,April_22,23.9,P,5
koreanum_2_6_2,April_23,25.4,P,6
koreanum_2_6_2,April_24,28.4,D,7
koreanum_2_6_2,April_25,28.4,D,8
koreanum_2_6_2,April_26,28.4,A,9
koreanum_2_6_2,April_27,NA,,
koreanum_2_6_2,April_28,NA,,
koreanum_2_6_2,April_29,NA,,
koreanum_2_6_2,April_30,NA,,
koreanum_2_6_2,May_1,NA,,
koreanum_2_6_2,May_2,NA,,
koreanum_2_6_3,April_9,NA,,
koreanum_2_6_3,April_10,NA,,
koreanum_2_6_3,April_11,NA,,
koreanum_2_6_3,April_12,NA,,
koreanum_2_6_3,April_13,NA,,
koreanum_2_6_3,April_14,NA,,
koreanum_2_6_3,April_15,NA,,
koreanum_2_6_3,April_16,NA,,
koreanum_2_6_3,April_17,NA,,
koreanum_2_6_3,April_18,5.9,E,1
koreanum_2_6_3,April_19,7.2,E,2
koreanum_2_6_3,April_20,7,E,3
koreanum_2_6_3,April_21,8.4,E,4
koreanum_2_6_3,April_22,8.2,G,5
koreanum_2_6_3,April_23,9.7,G,6
koreanum_2_6_3,April_24,13.6,O,7
koreanum_2_6_3,April_25,19,O,8
koreanum_2_6_3,April_26,21.8,P,9
koreanum_2_6_3,April_27,NA,,
koreanum_2_6_3,April_28,NA,,
koreanum_2_6_3,April_29,NA,,
koreanum_2_6_3,April_30,NA,,
koreanum_2_6_3,May_1,NA,,
koreanum_2_6_3,May_2,NA,,
koreanum_2_6_4,April_9,NA,,
koreanum_2_6_4,April_10,NA,,
koreanum_2_6_4,April_11,NA,,
koreanum_2_6_4,April_12,NA,,
koreanum_2_6_4,April_13,NA,,
koreanum_2_6_4,April_14,NA,,
koreanum_2_6_4,April_15,NA,,
koreanum_2_6_4,April_16,NA,,
koreanum_2_6_4,April_17,NA,,
koreanum_2_6_4,April_18,5.1,E,1
koreanum_2_6_4,April_19,5.6,E,2
koreanum_2_6_4,April_20,6.6,E,3
koreanum_2_6_4,April_21,7.6,E,4
koreanum_2_6_4,April_22,7.7,G,5
koreanum_2_6_4,April_23,9.3,G,6
koreanum_2_6_4,April_24,11.5,O,7
koreanum_2_6_4,April_25,19.6,O,8
koreanum_2_6_4,April_26,23.5,P,9
koreanum_2_6_4,April_27,NA,,
koreanum_2_6_4,April_28,NA,,
koreanum_2_6_4,April_29,NA,,
koreanum_2_6_4,April_30,NA,,
koreanum_2_6_4,May_1,NA,,
koreanum_2_6_4,May_2,NA,,
violaceum_1_1_1,April_9,NA,,
violaceum_1_1_1,April_10,0,E,1
violaceum_1_1_1,April_11,0,E,2
violaceum_1_1_1,April_12,0,E,3
violaceum_1_1_1,April_13,1.2,E,4
violaceum_1_1_1,April_14,1.2,E,5
violaceum_1_1_1,April_15,2.5,E,6
violaceum_1_1_1,April_16,2.7,E,7
violaceum_1_1_1,April_17,NA,,
violaceum_1_1_1,April_18,2.3,E,8
violaceum_1_1_1,April_19,5.5,G,9
violaceum_1_1_1,April_20,23.6,O,10
violaceum_1_1_1,April_21,37,D,11
violaceum_1_1_1,April_22,36,D,12
violaceum_1_1_1,April_23,37.8,D,13
violaceum_1_1_1,April_24,32.8,A,14
violaceum_1_1_1,April_25,NA,,
violaceum_1_1_1,April_26,NA,,
violaceum_1_1_1,April_27,NA,,
violaceum_1_1_1,April_28,NA,,
violaceum_1_1_1,April_29,NA,,
violaceum_1_1_1,April_30,NA,,
violaceum_1_1_1,May_1,NA,,
violaceum_1_1_1,May_2,NA,,
violaceum_1_1_2,April_9,NA,,
violaceum_1_1_2,April_10,0,E,1
violaceum_1_1_2,April_11,0,E,2
violaceum_1_1_2,April_12,0,E,3
violaceum_1_1_2,April_13,0,E,4
violaceum_1_1_2,April_14,1.5,E,5
violaceum_1_1_2,April_15,1.6,E,6
violaceum_1_1_2,April_16,2,E,7
violaceum_1_1_2,April_17,NA,,
violaceum_1_1_2,April_18,1.8,E,8
violaceum_1_1_2,April_19,1.7,E,9
violaceum_1_1_2,April_20,3.5,G,10
violaceum_1_1_2,April_21,5.2,G,11
violaceum_1_1_2,April_22,25.6,O,12
violaceum_1_1_2,April_23,30.6,O,13
violaceum_1_1_2,April_24,38,D,14
violaceum_1_1_2,April_25,34.8,D,15
violaceum_1_1_2,April_26,33.1,D,16
violaceum_1_1_2,April_27,30.8,A,17
violaceum_1_1_2,April_28,NA,,
violaceum_1_1_2,April_29,NA,,
violaceum_1_1_2,April_30,NA,,
violaceum_1_1_2,May_1,NA,,
violaceum_1_1_2,May_2,NA,,
violaceum_1_1_3,April_9,NA,,
violaceum_1_1_3,April_10,0,E,1
violaceum_1_1_3,April_11,0,E,2
violaceum_1_1_3,April_12,0,E,3
violaceum_1_1_3,April_13,0,E,4
violaceum_1_1_3,April_14,0.9,E,5
violaceum_1_1_3,April_15,1.5,E,6
violaceum_1_1_3,April_16,1.7,E,7
violaceum_1_1_3,April_17,NA,,
violaceum_1_1_3,April_18,2.1,E,8
violaceum_1_1_3,April_19,3.1,E,9
violaceum_1_1_3,April_20,6.9,G,10
violaceum_1_1_3,April_21,25.9,O,11
violaceum_1_1_3,April_22,34.7,P,12
violaceum_1_1_3,April_23,35.4,P,13
violaceum_1_1_3,April_24,36.1,D,14
violaceum_1_1_3,April_25,31.9,D,15
violaceum_1_1_3,April_26,29.5,D,16
violaceum_1_1_3,April_27,34,D,17
violaceum_1_1_3,April_28,20.7,A,18
violaceum_1_1_3,April_29,NA,,
violaceum_1_1_3,April_30,NA,,
violaceum_1_1_3,May_1,NA,,
violaceum_1_1_3,May_2,NA,,
violaceum_1_1_4,April_9,NA,,
violaceum_1_1_4,April_10,0,E,1
violaceum_1_1_4,April_11,0,E,2
violaceum_1_1_4,April_12,0,E,3
violaceum_1_1_4,April_13,0,E,4
violaceum_1_1_4,April_14,0,E,5
violaceum_1_1_4,April_15,0.5,E,6
violaceum_1_1_4,April_16,1.7,E,7
violaceum_1_1_4,April_17,NA,,
violaceum_1_1_4,April_18,2.1,E,8
violaceum_1_1_4,April_19,4.3,G,9
violaceum_1_1_4,April_20,6.9,O,10
violaceum_1_1_4,April_21,28.3,O,11
violaceum_1_1_4,April_22,34.9,P,12
violaceum_1_1_4,April_23,34.9,P,13
violaceum_1_1_4,April_24,34.7,P,14
violaceum_1_1_4,April_25,32.9,D,15
violaceum_1_1_4,April_26,28.8,A,16
violaceum_1_1_4,April_27,NA,,
violaceum_1_1_4,April_28,NA,,
violaceum_1_1_4,April_29,NA,,
violaceum_1_1_4,April_30,NA,,
violaceum_1_1_4,May_1,NA,,
violaceum_1_1_4,May_2,NA,,
violaceum_1_1_5,April_9,NA,,
violaceum_1_1_5,April_10,0,E,1
violaceum_1_1_5,April_11,1,E,2
violaceum_1_1_5,April_12,1.3,E,3
violaceum_1_1_5,April_13,2.4,E,4
violaceum_1_1_5,April_14,3.8,E,5
violaceum_1_1_5,April_15,4.1,G,6
violaceum_1_1_5,April_16,3.9,G,7
violaceum_1_1_5,April_17,NA,,
violaceum_1_1_5,April_18,20.9,O,8
violaceum_1_1_5,April_19,29,O,9
violaceum_1_1_5,April_20,29.8,D,10
violaceum_1_1_5,April_21,20.1,A,11
violaceum_1_1_5,April_22,NA,,
violaceum_1_1_5,April_23,NA,,
violaceum_1_1_5,April_24,NA,,
violaceum_1_1_5,April_25,NA,,
violaceum_1_1_5,April_26,NA,,
violaceum_1_1_5,April_27,NA,,
violaceum_1_1_5,April_28,NA,,
violaceum_1_1_5,April_29,NA,,
violaceum_1_1_5,April_30,NA,,
violaceum_1_1_5,May_1,NA,,
violaceum_1_1_5,May_2,NA,,
violaceum_1_1_6,April_9,NA,,
violaceum_1_1_6,April_10,0,E,1
violaceum_1_1_6,April_11,0,E,2
violaceum_1_1_6,April_12,0,E,3
violaceum_1_1_6,April_13,0,E,4
violaceum_1_1_6,April_14,1.1,E,5
violaceum_1_1_6,April_15,1.9,E,6
violaceum_1_1_6,April_16,2.7,E,7
violaceum_1_1_6,April_17,NA,,
violaceum_1_1_6,April_18,4.3,G,8
violaceum_1_1_6,April_19,16.8,O,9
violaceum_1_1_6,April_20,31.7,O,10
violaceum_1_1_6,April_21,35.5,D,11
violaceum_1_1_6,April_22,35.4,D,12
violaceum_1_1_6,April_23,36,D,13
violaceum_1_1_6,April_24,33.5,A,14
violaceum_1_1_6,April_25,NA,,
violaceum_1_1_6,April_26,NA,,
violaceum_1_1_6,April_27,NA,,
violaceum_1_1_6,April_28,NA,,
violaceum_1_1_6,April_29,NA,,
violaceum_1_1_6,April_30,NA,,
violaceum_1_1_6,May_1,NA,,
violaceum_1_1_6,May_2,NA,,
violaceum_1_1_7,April_9,NA,,
violaceum_1_1_7,April_10,0,E,1
violaceum_1_1_7,April_11,0,E,2
violaceum_1_1_7,April_12,0,E,3
violaceum_1_1_7,April_13,0,E,4
violaceum_1_1_7,April_14,0,E,5
violaceum_1_1_7,April_15,0,E,6
violaceum_1_1_7,April_16,0,E,7
violaceum_1_1_7,April_17,NA,,
violaceum_1_1_7,April_18,3.4,E,8
violaceum_1_1_7,April_19,3.5,E,9
violaceum_1_1_7,April_20,1.6,E,10
violaceum_1_1_7,April_21,3.2,E,11
violaceum_1_1_7,April_22,3.1,G,12
violaceum_1_1_7,April_23,NA,,
violaceum_1_1_7,April_24,NA,,
violaceum_1_1_7,April_25,NA,,
violaceum_1_1_7,April_26,NA,,
violaceum_1_1_7,April_27,NA,,
violaceum_1_1_7,April_28,NA,,
violaceum_1_1_7,April_29,NA,,
violaceum_1_1_7,April_30,NA,,
violaceum_1_1_7,May_1,NA,,
violaceum_1_1_7,May_2,NA,,
violaceum_1_1_8,April_9,NA,,
violaceum_1_1_8,April_10,0,E,1
violaceum_1_1_8,April_11,3.1,E,2
violaceum_1_1_8,April_12,3.5,E,3
violaceum_1_1_8,April_13,1.3,G,4
violaceum_1_1_8,April_14,2.8,G,5
violaceum_1_1_8,April_15,4,G,6
violaceum_1_1_8,April_16,10,O,7
violaceum_1_1_8,April_17,NA,,
violaceum_1_1_8,April_18,34.7,O,8
violaceum_1_1_8,April_19,36.1,D,9
violaceum_1_1_8,April_20,36.6,D,10
violaceum_1_1_8,April_21,32.7,D,11
violaceum_1_1_8,April_22,NA,,
violaceum_1_1_8,April_23,NA,,
violaceum_1_1_8,April_24,NA,,
violaceum_1_1_8,April_25,NA,,
violaceum_1_1_8,April_26,NA,,
violaceum_1_1_8,April_27,NA,,
violaceum_1_1_8,April_28,NA,,
violaceum_1_1_8,April_29,NA,,
violaceum_1_1_8,April_30,NA,,
violaceum_1_1_8,May_1,NA,,
violaceum_1_1_8,May_2,NA,,
violaceum_1_1_9,April_9,NA,,
violaceum_1_1_9,April_10,0,E,1
violaceum_1_1_9,April_11,0,E,2
violaceum_1_1_9,April_12,1.1,E,3
violaceum_1_1_9,April_13,1.5,E,4
violaceum_1_1_9,April_14,2.2,E,5
violaceum_1_1_9,April_15,0.9,E,6
violaceum_1_1_9,April_16,1.6,E,7
violaceum_1_1_9,April_17,NA,,
violaceum_1_1_9,April_18,4,G,8
violaceum_1_1_9,April_19,23,O,9
violaceum_1_1_9,April_20,30.5,P,10
violaceum_1_1_9,April_21,35.5,D,11
violaceum_1_1_9,April_22,34.7,D,12
violaceum_1_1_9,April_23,36,D,13
violaceum_1_1_9,April_24,35.7,A,14
violaceum_1_1_9,April_25,NA,,
violaceum_1_1_9,April_26,NA,,
violaceum_1_1_9,April_27,NA,,
violaceum_1_1_9,April_28,NA,,
violaceum_1_1_9,April_29,NA,,
violaceum_1_1_9,April_30,NA,,
violaceum_1_1_9,May_1,NA,,
violaceum_1_1_9,May_2,NA,,
violaceum_1_1_10,April_9,NA,,
violaceum_1_1_10,April_10,2.9,G,1
violaceum_1_1_10,April_11,3.3,G,2
violaceum_1_1_10,April_12,4.4,G,3
violaceum_1_1_10,April_13,7.2,G,4
violaceum_1_1_10,April_14,8,G,5
violaceum_1_1_10,April_15,20,O,6
violaceum_1_1_10,April_16,25,O,7
violaceum_1_1_10,April_17,NA,,
violaceum_1_1_10,April_18,33.1,D,8
violaceum_1_1_10,April_19,36.1,D,9
violaceum_1_1_10,April_20,24.8,A,10
violaceum_1_1_10,April_21,NA,,
violaceum_1_1_10,April_22,NA,,
violaceum_1_1_10,April_23,NA,,
violaceum_1_1_10,April_24,NA,,
violaceum_1_1_10,April_25,NA,,
violaceum_1_1_10,April_26,NA,,
violaceum_1_1_10,April_27,NA,,
violaceum_1_1_10,April_28,NA,,
violaceum_1_1_10,April_29,NA,,
violaceum_1_1_10,April_30,NA,,
violaceum_1_1_10,May_1,NA,,
violaceum_1_1_10,May_2,NA,,
violaceum_2_1_1,April_9,NA,,
violaceum_2_1_1,April_10,17.2,O,1
violaceum_2_1_1,April_11,27.4,O,2
violaceum_2_1_1,April_12,31,P,3
violaceum_2_1_1,April_13,26.5,D,4
violaceum_2_1_1,April_14,29.9,D,5
violaceum_2_1_1,April_15,30.1,D,6
violaceum_2_1_1,April_16,30.7,A,7
violaceum_2_1_1,April_17,NA,,
violaceum_2_1_1,April_18,NA,,
violaceum_2_1_1,April_19,NA,,
violaceum_2_1_1,April_20,NA,,
violaceum_2_1_1,April_21,NA,,
violaceum_2_1_1,April_22,NA,,
violaceum_2_1_1,April_23,NA,,
violaceum_2_1_1,April_24,NA,,
violaceum_2_1_1,April_25,NA,,
violaceum_2_1_1,April_26,NA,,
violaceum_2_1_1,April_27,NA,,
violaceum_2_1_1,April_28,NA,,
violaceum_2_1_1,April_29,NA,,
violaceum_2_1_1,April_30,NA,,
violaceum_2_1_1,May_1,NA,,
violaceum_2_1_1,May_2,NA,,
violaceum_2_1_2,April_9,NA,,
violaceum_2_1_2,April_10,1,E,1
violaceum_2_1_2,April_11,1.5,E,2
violaceum_2_1_2,April_12,2,E,3
violaceum_2_1_2,April_13,4,G,4
violaceum_2_1_2,April_14,3.9,G,5
violaceum_2_1_2,April_15,7.1,O,6
violaceum_2_1_2,April_16,25.3,O,7
violaceum_2_1_2,April_17,31.5,P,8
violaceum_2_1_2,April_18,32.9,D,9
violaceum_2_1_2,April_19,32,D,10
violaceum_2_1_2,April_20,32.2,D,11
violaceum_2_1_2,April_21,34.2,A,12
violaceum_2_1_2,April_22,NA,,
violaceum_2_1_2,April_23,NA,,
violaceum_2_1_2,April_24,NA,,
violaceum_2_1_2,April_25,NA,,
violaceum_2_1_2,April_26,NA,,
violaceum_2_1_2,April_27,NA,,
violaceum_2_1_2,April_28,NA,,
violaceum_2_1_2,April_29,NA,,
violaceum_2_1_2,April_30,NA,,
violaceum_2_1_2,May_1,NA,,
violaceum_2_1_2,May_2,NA,,
violaceum_2_1_3,April_9,NA,,
violaceum_2_1_3,April_10,1.7,E,1
violaceum_2_1_3,April_11,2.2,E,2
violaceum_2_1_3,April_12,3.3,E,3
violaceum_2_1_3,April_13,3.9,G,4
violaceum_2_1_3,April_14,5.4,G,5
violaceum_2_1_3,April_15,10.9,O,6
violaceum_2_1_3,April_16,25.3,O,7
violaceum_2_1_3,April_17,30.6,P,8
violaceum_2_1_3,April_18,30.7,D,9
violaceum_2_1_3,April_19,32.6,D,10
violaceum_2_1_3,April_20,32.8,A,11
violaceum_2_1_3,April_21,NA,,
violaceum_2_1_3,April_22,NA,,
violaceum_2_1_3,April_23,NA,,
violaceum_2_1_3,April_24,NA,,
violaceum_2_1_3,April_25,NA,,
violaceum_2_1_3,April_26,NA,,
violaceum_2_1_3,April_27,NA,,
violaceum_2_1_3,April_28,NA,,
violaceum_2_1_3,April_29,NA,,
violaceum_2_1_3,April_30,NA,,
violaceum_2_1_3,May_1,NA,,
violaceum_2_1_3,May_2,NA,,
violaceum_2_1_4,April_9,NA,,
violaceum_2_1_4,April_10,1.2,E,1
violaceum_2_1_4,April_11,1.7,E,2
violaceum_2_1_4,April_12,2.3,E,3
violaceum_2_1_4,April_13,2.4,G,4
violaceum_2_1_4,April_14,3.5,G,5
violaceum_2_1_4,April_15,6.7,O,6
violaceum_2_1_4,April_16,25.6,O,7
violaceum_2_1_4,April_17,32.6,P,8
violaceum_2_1_4,April_18,31.3,D,9
violaceum_2_1_4,April_19,28.6,D,10
violaceum_2_1_4,April_20,33.3,A,11
violaceum_2_1_4,April_21,NA,,
violaceum_2_1_4,April_22,NA,,
violaceum_2_1_4,April_23,NA,,
violaceum_2_1_4,April_24,NA,,
violaceum_2_1_4,April_25,NA,,
violaceum_2_1_4,April_26,NA,,
violaceum_2_1_4,April_27,NA,,
violaceum_2_1_4,April_28,NA,,
violaceum_2_1_4,April_29,NA,,
violaceum_2_1_4,April_30,NA,,
violaceum_2_1_4,May_1,NA,,
violaceum_2_1_4,May_2,NA,,
violaceum_2_1_5,April_9,NA,,
violaceum_2_1_5,April_10,1,E,1
violaceum_2_1_5,April_11,1.2,E,2
violaceum_2_1_5,April_12,2.3,E,3
violaceum_2_1_5,April_13,3.3,G,4
violaceum_2_1_5,April_14,5.3,G,5
violaceum_2_1_5,April_15,20.1,O,6
violaceum_2_1_5,April_16,28.7,O,7
violaceum_2_1_5,April_17,31.5,D,8
violaceum_2_1_5,April_18,30,D,9
violaceum_2_1_5,April_19,29.3,D,10
violaceum_2_1_5,April_20,34.9,A,11
violaceum_2_1_5,April_21,NA,,
violaceum_2_1_5,April_22,NA,,
violaceum_2_1_5,April_23,NA,,
violaceum_2_1_5,April_24,NA,,
violaceum_2_1_5,April_25,NA,,
violaceum_2_1_5,April_26,NA,,
violaceum_2_1_5,April_27,NA,,
violaceum_2_1_5,April_28,NA,,
violaceum_2_1_5,April_29,NA,,
violaceum_2_1_5,April_30,NA,,
violaceum_2_1_5,May_1,NA,,
violaceum_2_1_5,May_2,NA,,
violaceum_2_1_6,April_9,NA,,
violaceum_2_1_6,April_10,0,E,1
violaceum_2_1_6,April_11,0,E,2
violaceum_2_1_6,April_12,0,E,3
violaceum_2_1_6,April_13,1.6,E,4
violaceum_2_1_6,April_14,1.2,E,5
violaceum_2_1_6,April_15,1.5,E,6
violaceum_2_1_6,April_16,1.5,E,7
violaceum_2_1_6,April_17,3.2,E,8
violaceum_2_1_6,April_18,3.6,E,9
violaceum_2_1_6,April_19,5.3,G,10
violaceum_2_1_6,April_20,20.7,P,11
violaceum_2_1_6,April_21,33.3,D,12
violaceum_2_1_6,April_22,35.6,A,13
violaceum_2_1_6,April_23,NA,,
violaceum_2_1_6,April_24,NA,,
violaceum_2_1_6,April_25,NA,,
violaceum_2_1_6,April_26,NA,,
violaceum_2_1_6,April_27,NA,,
violaceum_2_1_6,April_28,NA,,
violaceum_2_1_6,April_29,NA,,
violaceum_2_1_6,April_30,NA,,
violaceum_2_1_6,May_1,NA,,
violaceum_2_1_6,May_2,NA,,
violaceum_2_1_7,April_9,NA,,
violaceum_2_1_7,April_10,2.1,G,1
violaceum_2_1_7,April_11,2.8,G,2
violaceum_2_1_7,April_12,2.6,G,3
violaceum_2_1_7,April_13,4.5,G,4
violaceum_2_1_7,April_14,5.7,G,5
violaceum_2_1_7,April_15,6.7,O,6
violaceum_2_1_7,April_16,7.9,O,7
violaceum_2_1_7,April_17,24.5,P,8
violaceum_2_1_7,April_18,27,P,9
violaceum_2_1_7,April_19,32.4,A,10
violaceum_2_1_7,April_20,NA,,
violaceum_2_1_7,April_21,NA,,
violaceum_2_1_7,April_22,NA,,
violaceum_2_1_7,April_23,NA,,
violaceum_2_1_7,April_24,NA,,
violaceum_2_1_7,April_25,NA,,
violaceum_2_1_7,April_26,NA,,
violaceum_2_1_7,April_27,NA,,
violaceum_2_1_7,April_28,NA,,
violaceum_2_1_7,April_29,NA,,
violaceum_2_1_7,April_30,NA,,
violaceum_2_1_7,May_1,NA,,
violaceum_2_1_7,May_2,NA,,
violaceum_2_1_8,April_9,NA,,
violaceum_2_1_8,April_10,2.1,E,1
violaceum_2_1_8,April_11,2.5,E,2
violaceum_2_1_8,April_12,3.4,G,3
violaceum_2_1_8,April_13,19.7,O,4
violaceum_2_1_8,April_14,29.6,O,5
violaceum_2_1_8,April_15,34.5,O,6
violaceum_2_1_8,April_16,34.5,D,7
violaceum_2_1_8,April_17,32.4,D,8
violaceum_2_1_8,April_18,36,D,9
violaceum_2_1_8,April_19,29.5,D,10
violaceum_2_1_8,April_20,25.7,D,11
violaceum_2_1_8,April_21,24.6,A,12
violaceum_2_1_8,April_22,NA,,
violaceum_2_1_8,April_23,NA,,
violaceum_2_1_8,April_24,NA,,
violaceum_2_1_8,April_25,NA,,
violaceum_2_1_8,April_26,NA,,
violaceum_2_1_8,April_27,NA,,
violaceum_2_1_8,April_28,NA,,
violaceum_2_1_8,April_29,NA,,
violaceum_2_1_8,April_30,NA,,
violaceum_2_1_8,May_1,NA,,
violaceum_2_1_8,May_2,NA,,
violaceum_2_1_9,April_9,NA,,
violaceum_2_1_9,April_10,3.1,E,1
violaceum_2_1_9,April_11,4.1,G,2
violaceum_2_1_9,April_12,4.5,G,3
violaceum_2_1_9,April_13,12.7,G,4
violaceum_2_1_9,April_14,24.4,O,5
violaceum_2_1_9,April_15,22.1,O,6
violaceum_2_1_9,April_16,24.5,D,7
violaceum_2_1_9,April_17,21.4,D,8
violaceum_2_1_9,April_18,27.3,D,9
violaceum_2_1_9,April_19,28.5,A,10
violaceum_2_1_9,April_20,NA,,
violaceum_2_1_9,April_21,NA,,
violaceum_2_1_9,April_22,NA,,
violaceum_2_1_9,April_23,NA,,
violaceum_2_1_9,April_24,NA,,
violaceum_2_1_9,April_25,NA,,
violaceum_2_1_9,April_26,NA,,
violaceum_2_1_9,April_27,NA,,
violaceum_2_1_9,April_28,NA,,
violaceum_2_1_9,April_29,NA,,
violaceum_2_1_9,April_30,NA,,
violaceum_2_1_9,May_1,NA,,
violaceum_2_1_9,May_2,NA,,
violaceum_2_1_10,April_9,NA,,
violaceum_2_1_10,April_10,2.3,E,1
violaceum_2_1_10,April_11,2.2,E,2
violaceum_2_1_10,April_12,1.6,E,3
violaceum_2_1_10,April_13,1.6,E,4
violaceum_2_1_10,April_14,3.2,G,5
violaceum_2_1_10,April_15,4.1,G,6
violaceum_2_1_10,April_16,5.7,O,7
violaceum_2_1_10,April_17,22.8,O,8
violaceum_2_1_10,April_18,26.8,D,9
violaceum_2_1_10,April_19,26.5,D,10
violaceum_2_1_10,April_20,32.1,D,11
violaceum_2_1_10,April_21,30,A,12
violaceum_2_1_10,April_22,NA,,
violaceum_2_1_10,April_23,NA,,
violaceum_2_1_10,April_24,NA,,
violaceum_2_1_10,April_25,NA,,
violaceum_2_1_10,April_26,NA,,
violaceum_2_1_10,April_27,NA,,
violaceum_2_1_10,April_28,NA,,
violaceum_2_1_10,April_29,NA,,
violaceum_2_1_10,April_30,NA,,
violaceum_2_1_10,May_1,NA,,
violaceum_2_1_10,May_2,NA,,
violaceum_2_1_11,April_9,NA,,
violaceum_2_1_11,April_10,8.7,O,1
violaceum_2_1_11,April_11,8.6,O,2
violaceum_2_1_11,April_12,25.5,O,3
violaceum_2_1_11,April_13,23.7,O,4
violaceum_2_1_11,April_14,34,O,5
violaceum_2_1_11,April_15,36.9,P,6
violaceum_2_1_11,April_16,35.3,D,7
violaceum_2_1_11,April_17,36.2,A,8
violaceum_2_1_11,April_18,NA,,
violaceum_2_1_11,April_19,NA,,
violaceum_2_1_11,April_20,NA,,
violaceum_2_1_11,April_21,NA,,
violaceum_2_1_11,April_22,NA,,
violaceum_2_1_11,April_23,NA,,
violaceum_2_1_11,April_24,NA,,
violaceum_2_1_11,April_25,NA,,
violaceum_2_1_11,April_26,NA,,
violaceum_2_1_11,April_27,NA,,
violaceum_2_1_11,April_28,NA,,
violaceum_2_1_11,April_29,NA,,
violaceum_2_1_11,April_30,NA,,
violaceum_2_1_11,May_1,NA,,
violaceum_2_1_11,May_2,NA,,
violaceum_2_1_12,April_9,NA,,
violaceum_2_1_12,April_10,2.5,E,1
violaceum_2_1_12,April_11,2.1,E,2
violaceum_2_1_12,April_12,2.2,E,3
violaceum_2_1_12,April_13,3.5,E,4
violaceum_2_1_12,April_14,3.5,G,5
violaceum_2_1_12,April_15,6.9,G,6
violaceum_2_1_12,April_16,22.8,O,7
violaceum_2_1_12,April_17,32.6,P,8
violaceum_2_1_12,April_18,27,D,9
violaceum_2_1_12,April_19,26.9,D,10
violaceum_2_1_12,April_20,30.1,A,11
violaceum_2_1_12,April_21,NA,,
violaceum_2_1_12,April_22,NA,,
violaceum_2_1_12,April_23,NA,,
violaceum_2_1_12,April_24,NA,,
violaceum_2_1_12,April_25,NA,,
violaceum_2_1_12,April_26,NA,,
violaceum_2_1_12,April_27,NA,,
violaceum_2_1_12,April_28,NA,,
violaceum_2_1_12,April_29,NA,,
violaceum_2_1_12,April_30,NA,,
violaceum_2_1_12,May_1,NA,,
violaceum_2_1_12,May_2,NA,,
violaceum_2_2_1,April_9,NA,,
violaceum_2_2_1,April_10,NA,,
violaceum_2_2_1,April_11,NA,,
violaceum_2_2_1,April_12,NA,,
violaceum_2_2_1,April_13,NA,,
violaceum_2_2_1,April_14,NA,,
violaceum_2_2_1,April_15,NA,,
violaceum_2_2_1,April_16,NA,,
violaceum_2_2_1,April_17,NA,,
violaceum_2_2_1,April_18,25.6,D,1
violaceum_2_2_1,April_19,27.4,A,2
violaceum_2_2_1,April_20,NA,,
violaceum_2_2_1,April_21,NA,,
violaceum_2_2_1,April_22,NA,,
violaceum_2_2_1,April_23,NA,,
violaceum_2_2_1,April_24,NA,,
violaceum_2_2_1,April_25,NA,,
violaceum_2_2_1,April_26,NA,,
violaceum_2_2_1,April_27,NA,,
violaceum_2_2_1,April_28,NA,,
violaceum_2_2_1,April_29,NA,,
violaceum_2_2_1,April_30,NA,,
violaceum_2_2_1,May_1,NA,,
violaceum_2_2_1,May_2,NA,,
violaceum_2_2_2,April_9,NA,,
violaceum_2_2_2,April_10,NA,,
violaceum_2_2_2,April_11,NA,,
violaceum_2_2_2,April_12,NA,,
violaceum_2_2_2,April_13,NA,,
violaceum_2_2_2,April_14,NA,,
violaceum_2_2_2,April_15,NA,,
violaceum_2_2_2,April_16,NA,,
violaceum_2_2_2,April_17,NA,,
violaceum_2_2_2,April_18,1.1,E,1
violaceum_2_2_2,April_19,3,E,2
violaceum_2_2_2,April_20,2.9,E,3
violaceum_2_2_2,April_21,0.7,E,4
violaceum_2_2_2,April_22,1.4,E,5
violaceum_2_2_2,April_23,2.6,G,6
violaceum_2_2_2,April_24,3.3,G,7
violaceum_2_2_2,April_25,16.7,O,8
violaceum_2_2_2,April_26,28.6,O,9
violaceum_2_2_2,April_27,33,P,10
violaceum_2_2_2,April_28,33.6,P,11
violaceum_2_2_2,April_29,34.2,D,12
violaceum_2_2_2,April_30,34.7,D,13
violaceum_2_2_2,May_1,34,A,14
violaceum_2_2_2,May_2,NA,,
violaceum_2_2_3,April_9,NA,,
violaceum_2_2_3,April_10,NA,,
violaceum_2_2_3,April_11,NA,,
violaceum_2_2_3,April_12,NA,,
violaceum_2_2_3,April_13,NA,,
violaceum_2_2_3,April_14,NA,,
violaceum_2_2_3,April_15,NA,,
violaceum_2_2_3,April_16,NA,,
violaceum_2_2_3,April_17,NA,,
violaceum_2_2_3,April_18,0.7,E,1
violaceum_2_2_3,April_19,1.2,E,2
violaceum_2_2_3,April_20,3.3,G,3
violaceum_2_2_3,April_21,9.1,O,4
violaceum_2_2_3,April_22,28.8,O,5
violaceum_2_2_3,April_23,30.4,O,6
violaceum_2_2_3,April_24,29.9,P,7
violaceum_2_2_3,April_25,34,D,8
violaceum_2_2_3,April_26,26.6,D,9
violaceum_2_2_3,April_27,29.5,D,10
violaceum_2_2_3,April_28,25,A,11
violaceum_2_2_3,April_29,NA,,
violaceum_2_2_3,April_30,NA,,
violaceum_2_2_3,May_1,NA,,
violaceum_2_2_3,May_2,NA,,
violaceum_2_2_4,April_9,NA,,
violaceum_2_2_4,April_10,NA,,
violaceum_2_2_4,April_11,NA,,
violaceum_2_2_4,April_12,NA,,
violaceum_2_2_4,April_13,NA,,
violaceum_2_2_4,April_14,NA,,
violaceum_2_2_4,April_15,NA,,
violaceum_2_2_4,April_16,NA,,
violaceum_2_2_4,April_17,NA,,
violaceum_2_2_4,April_18,1.6,G,1
violaceum_2_2_4,April_19,16.7,O,2
violaceum_2_2_4,April_20,29.5,O,3
violaceum_2_2_4,April_21,31,D,4
violaceum_2_2_4,April_22,32.5,D,5
violaceum_2_2_4,April_23,33.3,D,6
violaceum_2_2_4,April_24,32.6,A,7
violaceum_2_2_4,April_25,NA,,
violaceum_2_2_4,April_26,NA,,
violaceum_2_2_4,April_27,NA,,
violaceum_2_2_4,April_28,NA,,
violaceum_2_2_4,April_29,NA,,
violaceum_2_2_4,April_30,NA,,
violaceum_2_2_4,May_1,NA,,
violaceum_2_2_4,May_2,NA,,
violaceum_2_2_5,April_9,NA,,
violaceum_2_2_5,April_10,NA,,
violaceum_2_2_5,April_11,NA,,
violaceum_2_2_5,April_12,NA,,
violaceum_2_2_5,April_13,NA,,
violaceum_2_2_5,April_14,NA,,
violaceum_2_2_5,April_15,NA,,
violaceum_2_2_5,April_16,NA,,
violaceum_2_2_5,April_17,NA,,
violaceum_2_2_5,April_18,6.1,O,1
violaceum_2_2_5,April_19,23.5,O,2
violaceum_2_2_5,April_20,32.8,D,3
violaceum_2_2_5,April_21,32.4,D,4
violaceum_2_2_5,April_22,32.7,A,5
violaceum_2_2_5,April_23,NA,,
violaceum_2_2_5,April_24,NA,,
violaceum_2_2_5,April_25,NA,,
violaceum_2_2_5,April_26,NA,,
violaceum_2_2_5,April_27,NA,,
violaceum_2_2_5,April_28,NA,,
violaceum_2_2_5,April_29,NA,,
violaceum_2_2_5,April_30,NA,,
violaceum_2_2_5,May_1,NA,,
violaceum_2_2_5,May_2,NA,,
violaceum_2_2_6,April_9,NA,,
violaceum_2_2_6,April_10,NA,,
violaceum_2_2_6,April_11,NA,,
violaceum_2_2_6,April_12,NA,,
violaceum_2_2_6,April_13,NA,,
violaceum_2_2_6,April_14,NA,,
violaceum_2_2_6,April_15,NA,,
violaceum_2_2_6,April_16,NA,,
violaceum_2_2_6,April_17,NA,,
violaceum_2_2_6,April_18,9.3,O,1
violaceum_2_2_6,April_19,25.7,O,2
violaceum_2_2_6,April_20,33.5,D,3
violaceum_2_2_6,April_21,35.2,D,4
violaceum_2_2_6,April_22,30.6,A,5
violaceum_2_2_6,April_23,NA,,
violaceum_2_2_6,April_24,NA,,
violaceum_2_2_6,April_25,NA,,
violaceum_2_2_6,April_26,NA,,
violaceum_2_2_6,April_27,NA,,
violaceum_2_2_6,April_28,NA,,
violaceum_2_2_6,April_29,NA,,
violaceum_2_2_6,April_30,NA,,
violaceum_2_2_6,May_1,NA,,
violaceum_2_2_6,May_2,NA,,
violaceum_2_2_7,April_9,NA,,
violaceum_2_2_7,April_10,NA,,
violaceum_2_2_7,April_11,NA,,
violaceum_2_2_7,April_12,NA,,
violaceum_2_2_7,April_13,NA,,
violaceum_2_2_7,April_14,NA,,
violaceum_2_2_7,April_15,NA,,
violaceum_2_2_7,April_16,NA,,
violaceum_2_2_7,April_17,NA,,
violaceum_2_2_7,April_18,0.5,E,1
violaceum_2_2_7,April_19,1.5,E,2
violaceum_2_2_7,April_20,2.7,E,3
violaceum_2_2_7,April_21,4.6,G,4
violaceum_2_2_7,April_22,7.1,O,5
violaceum_2_2_7,April_23,24.5,O,6
violaceum_2_2_7,April_24,30.1,P,7
violaceum_2_2_7,April_25,35.7,D,8
violaceum_2_2_7,April_26,34.3,D,9
violaceum_2_2_7,April_27,37.4,D,10
violaceum_2_2_7,April_28,36.2,A,11
violaceum_2_2_7,April_29,NA,,
violaceum_2_2_7,April_30,NA,,
violaceum_2_2_7,May_1,NA,,
violaceum_2_2_7,May_2,NA,,
violaceum_2_2_8,April_9,NA,,
violaceum_2_2_8,April_10,NA,,
violaceum_2_2_8,April_11,NA,,
violaceum_2_2_8,April_12,NA,,
violaceum_2_2_8,April_13,NA,,
violaceum_2_2_8,April_14,NA,,
violaceum_2_2_8,April_15,NA,,
violaceum_2_2_8,April_16,NA,,
violaceum_2_2_8,April_17,NA,,
violaceum_2_2_8,April_18,2.7,G,1
violaceum_2_2_8,April_19,3.6,G,2
violaceum_2_2_8,April_20,4.9,O,3
violaceum_2_2_8,April_21,26,O,4
violaceum_2_2_8,April_22,30.3,P,5
violaceum_2_2_8,April_23,28.3,P,6
violaceum_2_2_8,April_24,29,P,7
violaceum_2_2_8,April_25,28.1,D,8
violaceum_2_2_8,April_26,26,A,9
violaceum_2_2_8,April_27,NA,,
violaceum_2_2_8,April_28,NA,,
violaceum_2_2_8,April_29,NA,,
violaceum_2_2_8,April_30,NA,,
violaceum_2_2_8,May_1,NA,,
violaceum_2_2_8,May_2,NA,,
violaceum_2_2_9,April_9,NA,,
violaceum_2_2_9,April_10,NA,,
violaceum_2_2_9,April_11,NA,,
violaceum_2_2_9,April_12,NA,,
violaceum_2_2_9,April_13,NA,,
violaceum_2_2_9,April_14,NA,,
violaceum_2_2_9,April_15,NA,,
violaceum_2_2_9,April_16,NA,,
violaceum_2_2_9,April_17,NA,,
violaceum_2_2_9,April_18,27.5,O,1
violaceum_2_2_9,April_19,31,P,2
violaceum_2_2_9,April_20,29.9,D,3
violaceum_2_2_9,April_21,29.5,A,4
violaceum_2_2_9,April_22,NA,,
violaceum_2_2_9,April_23,NA,,
violaceum_2_2_9,April_24,NA,,
violaceum_2_2_9,April_25,NA,,
violaceum_2_2_9,April_26,NA,,
violaceum_2_2_9,April_27,NA,,
violaceum_2_2_9,April_28,NA,,
violaceum_2_2_9,April_29,NA,,
violaceum_2_2_9,April_30,NA,,
violaceum_2_2_9,May_1,NA,,
violaceum_2_2_9,May_2,NA,,
violaceum_2_2_10,April_9,NA,,
violaceum_2_2_10,April_10,NA,,
violaceum_2_2_10,April_11,NA,,
violaceum_2_2_10,April_12,NA,,
violaceum_2_2_10,April_13,NA,,
violaceum_2_2_10,April_14,NA,,
violaceum_2_2_10,April_15,NA,,
violaceum_2_2_10,April_16,NA,,
violaceum_2_2_10,April_17,NA,,
violaceum_2_2_10,April_18,31,A,1
violaceum_2_2_10,April_19,NA,,
violaceum_2_2_10,April_20,NA,,
violaceum_2_2_10,April_21,NA,,
violaceum_2_2_10,April_22,NA,,
violaceum_2_2_10,April_23,NA,,
violaceum_2_2_10,April_24,NA,,
violaceum_2_2_10,April_25,NA,,
violaceum_2_2_10,April_26,NA,,
violaceum_2_2_10,April_27,NA,,
violaceum_2_2_10,April_28,NA,,
violaceum_2_2_10,April_29,NA,,
violaceum_2_2_10,April_30,NA,,
violaceum_2_2_10,May_1,NA,,
violaceum_2_2_10,May_2,NA,,
violaceum_2_2_11,April_9,NA,,
violaceum_2_2_11,April_10,NA,,
violaceum_2_2_11,April_11,NA,,
violaceum_2_2_11,April_12,NA,,
violaceum_2_2_11,April_13,NA,,
violaceum_2_2_11,April_14,NA,,
violaceum_2_2_11,April_15,NA,,
violaceum_2_2_11,April_16,NA,,
violaceum_2_2_11,April_17,NA,,
violaceum_2_2_11,April_18,20.1,O,1
violaceum_2_2_11,April_19,25.7,P,2
violaceum_2_2_11,April_20,35,D,3
violaceum_2_2_11,April_21,35,A,4
violaceum_2_2_11,April_22,NA,,
violaceum_2_2_11,April_23,NA,,
violaceum_2_2_11,April_24,NA,,
violaceum_2_2_11,April_25,NA,,
violaceum_2_2_11,April_26,NA,,
violaceum_2_2_11,April_27,NA,,
violaceum_2_2_11,April_28,NA,,
violaceum_2_2_11,April_29,NA,,
violaceum_2_2_11,April_30,NA,,
violaceum_2_2_11,May_1,NA,,
violaceum_2_2_11,May_2,NA,,
